timestamp,open,close,high,low,volume
1569196800000,9930.13,9930.13,9930.13,9930.13,9.93013
1569283200000,9637.93,8519.67,9665.05,7996.45,1739432.08920509
1569369600000,8528.12,8435.28,8724.77,8247.78,469361.69055629
1569456000000,8434.45,8064.41,8453.2,7761.87,340923.6660137
1569542400000,8078.75,8178.73,8259.96,7858.58,379917.99846542
1569628800000,8199.4,8208.07,8320.51,8020.0,173568.97742342
1569715200000,8210.66,8047.12,8220.38,7916.9,494973.45560305
1569801600000,8058.25,8292.35,8322.99,7744.23,891845.06773714
1569888000000,8281.4,8295.63,8498.23,8180.16,416570.11959138
1569974400000,8305.0,8363.74,8367.97,8154.37,262180.72939107
1570060800000,8369.31,8222.19,8386.65,8078.48,333596.316655
1570147200000,8227.57,8144.09,8232.85,8005.25,320004.18044125
1570233600000,8134.38,8128.65,8179.58,8015.49,205823.36127318
1570320000000,8128.65,7866.87,8148.88,7801.0,599535.45869842
1570406400000,7860.25,8191.94,8289.0,7772.14,636845.13444829
1570492800000,8205.09,8180.7,8322.42,8110.4,321503.51173388
1570579200000,8178.47,8570.8,8662.01,8118.67,813315.06259061
1570665600000,8565.75,8559.93,8640.58,8439.36,279838.69342647
1570752000000,8560.99,8266.17,8772.46,8229.29,1178344.21789729
1570838400000,8255.24,8299.85,8394.78,8251.15,270637.65277847
1570924800000,8294.16,8276.97,8448.7,8166.51,458081.41535874
1571011200000,8273.46,8349.0,8371.24,8213.4,581266.59770039
1571097600000,8349.91,8163.48,8400.92,8118.69,823402.74412029
1571184000000,8162.08,7995.35,8179.74,7922.44,607094.59362146
1571270400000,7995.35,8073.01,8122.45,7932.65,752913.11633037
1571356800000,8070.24,7946.04,8115.37,7825.0,624699.12362478
1571443200000,7947.23,7956.07,8080.03,7879.66,608110.60451852
1571529600000,7952.67,8220.22,8288.14,7875.62,1064589.01753644
1571616000000,8222.0,8200.03,8324.66,8150.01,979652.16921265
1571702400000,8196.41,8017.72,8294.04,8000.72,1166647.86103391
1571788800000,8015.96,7466.85,8044.28,7310.24,2095334.0910961
1571875200000,7466.85,7415.47,7492.37,7341.62,1675678.46299171
1571961600000,7415.47,8653.66,8776.6,7377.73,3116726.46044756
1572048000000,8655.5,9231.81,10352.43,8637.01,6050911.79658938
1572134400000,9232.69,9530.88,9787.69,9077.85,4069848.3834185
1572220800000,9528.62,9198.09,9901.97,9182.33,3259641.60476431
1572307200000,9202.96,9408.43,9533.79,9094.14,2631042.96725867
1572393600000,9407.96,9154.99,9407.96,9004.51,1800252.64242166
1572480000000,9168.24,9142.65,9400.0,8950.81,1664277.57726746
1572566400000,9141.77,9230.4,9270.25,9041.97,888572.8638865399
1572652800000,9237.7,9288.85,9366.42,9191.84,612133.16820494
1572739200000,9320.52,9203.46,9361.62,9069.38,317655.3722764
1572825600000,9199.9,9391.41,9505.13,9119.48,493677.14722027
1572912000000,9395.14,9301.49,9454.72,9180.44,510763.92518866
1572998400000,9308.69,9346.85,9429.6,9255.24,324379.51355804
1573084800000,9342.01,9210.1,9371.03,9115.87,625098.1302192
1573171200000,9207.76,8781.14,9253.18,8697.25,1273558.28362499
1573257600000,8773.61,8810.15,8875.14,8729.97,441587.36474185
1573344000000,8802.19,9039.3,9137.31,8759.48,765871.4273621
1573430400000,9044.51,8731.92,9065.8,8624.44,653915.52796066
1573516800000,8712.08,8821.69,8874.22,8600.0,761507.99619342
1573603200000,8823.72,8791.21,8841.26,8721.49,1420714.18538331
1573689600000,8791.22,8645.97,8808.57,8598.33,610576.54603219
1573776000000,8645.97,8473.65,8783.3,8408.21,813036.87173838
1573862400000,8479.04,8495.01,8535.98,8445.92,577549.34535446
1573948800000,8495.01,8511.33,8626.55,8420.0,810984.55884666
1574035200000,8511.51,8186.59,8511.51,8069.0,589565.06904439
1574121600000,8182.71,8133.77,8208.97,8004.04,682237.00247427
1574208000000,8134.49,8094.38,8229.5,8046.64,473949.0327295
1574294400000,8097.84,7634.12,8132.71,7520.18,1511505.78203138
1574380800000,7628.15,7282.49,7721.84,6798.5,1496155.74160249
1574467200000,7277.26,7314.92,7343.76,7087.9,218318.42725795
1574553600000,7321.06,6905.31,7334.4,6890.0,1014166.43231206
1574640000000,6901.05,7121.63,7369.92,6524.64,1242840.72805286
1574726400000,7114.36,7151.05,7335.85,7031.09,823870.77112088
1574812800000,7155.73,7515.75,7648.1,6850.74,740946.91870746
1574899200000,7506.5,7424.67,7643.22,7365.12,667399.04459474
1574985600000,7412.07,7737.13,7855.0,7404.12,701005.98283169
1575072000000,7737.98,7548.08,7800.0,7414.0,876196.89322034
1575158400000,7540.08,7396.18,7542.65,7236.66,569476.17214012
1575244800000,7405.58,7296.97,7419.16,7162.23,778557.21047437
1575331200000,7296.96,7281.25,7399.97,7239.55,428974.70548526
1575417600000,7284.86,7195.68,7751.07,7082.46,872355.41240979
1575504000000,7180.59,7381.97,7480.67,7153.94,832524.13155778
1575590400000,7376.79,7529.99,7597.04,7303.9,570418.69848336
1575676800000,7542.59,7491.51,7611.36,7472.23,270991.89242911
1575763200000,7485.51,7509.15,7562.68,7378.86,240993.19842661
1575849600000,7511.64,7345.27,7645.75,7276.66,514116.82488084
1575936000000,7337.84,7227.39,7405.29,7164.42,434576.01086851
1576022400000,7230.5,7208.17,7271.71,7139.23,168269.94492682
1576108800000,7210.16,7200.81,7292.67,7087.23,315859.40683962003
1576195200000,7196.03,7253.02,7302.72,7195.48,176072.38342966
1576281600000,7254.49,7068.94,7269.11,7013.56,353750.6750161
1576368000000,7066.69,7121.19,7196.62,7011.08,228107.86665693
1576454400000,7123.79,6893.47,7152.66,6850.0,558535.67906804
1576540800000,6891.13,6619.91,6937.54,6564.89,703780.98464529
1576627200000,6626.58,7270.83,7411.91,6438.08,1066162.57397371
1576713600000,7285.03,7147.99,7366.95,7048.75,549559.42962992
1576800000000,7156.13,7181.29,7214.26,7082.3,213808.88047565
1576886400000,7188.86,7137.74,7190.69,7118.0,123673.93805748
1576972800000,7137.36,7504.57,7512.47,7127.42,510605.96931964
1577059200000,7510.48,7321.46,7689.98,7271.82,1043876.77387046
1577145600000,7312.63,7276.31,7430.89,7166.3,495823.35739253
1577232000000,7262.39,7200.1,7272.13,7131.55,227121.60230357
1577318400000,7205.02,7208.33,7432.08,7164.33,278010.65446193
1577404800000,7208.33,7249.98,7273.96,7100.0,405539.37828206
1577491200000,7253.94,7308.62,7361.77,7250.22,228862.48770659
1577577600000,7312.34,7391.07,7526.48,7294.84,191712.79107654
1577664000000,7357.28,7244.3,7396.65,7227.31,549628.15315285
1577750400000,7240.76,7197.33,7300.0,7146.0,366875.19043639
1577836800000,7180.46,7195.65,7245.54,7175.62,226629.00992921
1577923200000,7191.39,6961.8,7210.05,6934.29,476379.33805488
1578009600000,6958.14,7345.65,7404.24,6877.78,742763.2367792
1578096000000,7344.55,7349.45,7403.98,7282.25,236709.95916405
1578182400000,7363.88,7364.19,7489.84,7332.96,500336.38086466
1578268800000,7359.4,7777.53,7796.86,7352.92,1075569.84680959
1578355200000,7785.53,8174.34,8198.98,7735.68,1926903.17730094
1578441600000,8174.37,8051.97,8456.12,7890.0,1533174.26317588
1578528000000,8036.44,7824.32,8036.44,7753.44,915656.23025253
1578614400000,7813.16,8195.0,8195.0,7684.66,1500104.24983744
1578700800000,8195.0,8026.42,8290.0,8010.01,647361.88139869
1578787200000,8010.01,8185.42,8192.05,7968.79,378639.02349126
1578873600000,8186.81,8102.27,8186.81,8059.34,577263.40303068
1578960000000,8110.96,8847.12,8891.18,8110.96,3016074.97575909
1579046400000,8808.88,8817.79,8911.21,8579.47,1285245.93320606
1579132800000,8836.69,8730.0,8857.99,8595.65,827028.35132448
1579219200000,8729.99,8915.59,9022.5,8673.1,686071.05632304
1579305600000,8905.0,8917.29,8988.76,8805.36,455203.4316047
1579392000000,8913.69,8718.51,9200.0,8493.57,1924820.7250377
1579478400000,8725.94,8644.33,8741.97,8530.0,382346.03737530997
1579564800000,8650.15,8754.88,8778.28,8503.31,601599.85417849
1579651200000,8737.02,8670.36,8819.92,8605.64,329011.10985286
1579737600000,8671.0,8414.87,8671.0,8305.5,546230.22754206
1579824000000,8411.45,8451.96,8524.11,8241.5,696183.39721351
1579910400000,8440.25,8344.78,8442.68,8277.21,629147.65244861
1579996800000,8340.11,8612.12,8612.12,8301.86,486981.33544229
1580083200000,8613.88,8914.11,9002.45,8584.04,913570.78519044
1580169600000,8921.17,9380.14,9402.37,8892.43,1308959.35687214
1580256000000,9376.62,9300.85,9445.67,9239.08,1309733.92105105
1580342400000,9300.42,9526.47,9579.29,9205.0,1233883.52263349
1580428800000,9513.19,9352.98,9534.33,9213.32,714239.34902474
1580515200000,9363.96,9388.81,9462.65,9301.63,574842.54294685
1580601600000,9384.73,9332.83,9487.85,9157.15,691316.72089288
1580688000000,9324.9,9299.8,9600.0,9241.58,967665.6312858
1580774400000,9299.53,9195.95,9356.66,9100.0,671869.88250115
1580860800000,9192.37,9610.31,9747.48,9180.27,1200046.4179713
1580947200000,9625.0,9766.99,9859.33,9535.38,1156226.46687976
1581033600000,9767.0,9815.0,9880.32,9730.59,1119198.68433053
1581120000000,9821.51,9903.38,9937.31,9668.84,1212493.49864747
1581206400000,9903.35,10153.53,10174.27,9892.42,1328939.96089147
1581292800000,10165.0,9850.16,10193.58,9767.62,643370.31450867
1581379200000,9848.03,10228.72,10325.27,9718.9,1316991.5454438
1581465600000,10230.93,10348.98,10450.0,10230.64,1032695.70267723
1581552000000,10318.09,10217.13,10490.0,10101.26,1589599.39220726
1581638400000,10237.42,10344.17,10376.6,10116.94,558844.30043193
1581724800000,10350.58,9898.96,10373.47,9800.0,777212.73265155
1581811200000,9908.62,9928.33,10047.63,9649.72,787512.08988384
1581897600000,9916.64,9708.77,9952.62,9458.42,1237853.08970092
1581984000000,9698.24,10158.14,10249.17,9593.22,984365.90659168
1582070400000,10167.94,9601.99,10512.0,9400.0,1210823.73508672
1582156800000,9588.19,9608.23,9686.42,9410.02,569596.93964091
1582243200000,9587.23,9670.0,9761.24,9571.64,412771.28750856
1582329600000,9675.78,9664.01,9702.82,9558.25,184155.64779442
1582416000000,9656.4,9949.57,10002.98,9656.4,339482.20902887
1582502400000,9945.64,9657.21,9993.8,9487.44,703023.56708498
1582588800000,9665.52,9319.74,9669.54,9256.66,661863.66975672
1582675200000,9309.7,8790.39,9372.65,8653.0,1143275.56842856
1582761600000,8784.22,8802.94,8967.12,8531.36,767706.96982168
1582848000000,8818.72,8694.33,8900.32,8451.67,984108.86543171
1582934400000,8698.05,8528.54,8787.36,8524.44,268590.57941854
1583020800000,8523.66,8545.65,8746.82,8428.7,534919.85536489
1583107200000,8525.48,8900.76,8963.39,8502.03,663296.52015745
1583193600000,8913.63,8758.86,8919.44,8660.53,876978.34992719
1583280000000,8765.54,8748.23,8844.36,8672.76,609165.05437307
1583366400000,8765.21,9062.79,9152.18,8765.21,848608.08937617
1583452800000,9051.95,9140.03,9170.84,8993.59,570083.73065165
1583539200000,9140.03,8886.71,9199.13,8847.87,702373.76338493
1583625600000,8885.47,8036.46,8885.47,8003.84,1073386.81837099
1583712000000,8036.65,7939.79,8175.98,7642.21,2404069.9770975998
1583798400000,7939.82,7888.99,8140.35,7736.58,1165668.27940235
1583884800000,7880.0,7926.4,7977.46,7597.21,894631.97027057
1583971200000,7950.14,4824.58,7956.4,4510.0,12372524.88851313
1584057600000,4814.78,5582.5,5948.5,3649.04,11891820.98802251
1584144000000,5583.79,5169.45,5626.0,5053.25,987125.11027987
1584230400000,5172.68,5365.04,5943.59,5101.05,1684440.11720783
1584316800000,5326.48,5023.0,5361.94,4426.37,2575373.37137356
1584403200000,5018.11,5320.37,5522.61,4950.17,1625117.37195168
1584489600000,5337.47,5390.21,5437.71,5000.05,2975329.9862656402
1584576000000,5394.56,6179.03,6397.65,5252.01,2843685.27940013
1584662400000,6166.81,6205.0,6904.12,5685.74,3459866.75037453
1584748800000,6208.38,6165.0,6451.84,5871.38,2159167.48103056
1584835200000,6148.07,5818.52,6403.69,5762.84,2314789.51052963
1584921600000,5810.22,6481.71,6586.88,5696.92,2008134.01182396
1585008000000,6499.47,6749.94,6830.63,6387.89,1284037.52523523
1585094400000,6744.53,6695.91,6954.56,6474.17,1195428.04328673
1585180800000,6700.0,6734.11,6772.38,6517.01,1176989.97167561
1585267200000,6750.08,6365.87,6836.61,6275.59,1032728.16502748
1585353600000,6359.77,6243.16,6359.77,6032.28,1747205.34288028
1585440000000,6241.06,5876.82,6266.95,5867.15,1480207.32135876
1585526400000,5895.02,6386.47,6607.25,5862.32,2374140.09226156
1585612800000,6387.83,6434.43,6516.79,6334.59,1289487.1986664
1585699200000,6419.08,6641.0,6679.96,6152.38,1564376.31645226
1585785600000,6649.73,6826.94,7226.02,6558.62,3876936.51687911
1585872000000,6786.0,6721.11,7035.95,6607.95,2558021.8821582
1585958400000,6725.64,6862.65,6996.58,6654.02,1895481.49265107
1586044800000,6891.57,6771.41,6891.57,6674.97,879082.34664839
1586131200000,6767.44,7332.68,7347.0,6767.44,1922614.50798947
1586217600000,7325.21,7197.12,7450.93,7084.68,1411402.51328541
1586304000000,7198.53,7363.77,7419.96,7155.97,1005714.44811479
1586390400000,7360.5,7283.68,7368.22,7108.22,530990.1174192
1586476800000,7280.13,6857.58,7288.54,6750.0,658101.56075314
1586563200000,6864.09,6881.93,6935.07,6758.95,318149.84956922
1586649600000,6900.23,6894.29,7175.38,6782.41,638196.82373381
1586736000000,6883.46,6836.5,6883.78,6564.42,779043.9364510099
1586822400000,6837.6,6857.32,6971.0,6767.66,437526.92167594
1586908800000,6865.7,6631.75,6926.82,6609.01,543475.39200079
1586995200000,6612.81,7100.0,7201.47,6480.0,1948436.06848358
1587081600000,7100.0,7036.17,7145.41,6990.73,508556.72365965
1587168000000,7026.47,7248.61,7293.89,7017.63,543854.27506569
1587254400000,7256.84,7121.6,7267.46,7057.69,475934.62996937
1587340800000,7120.85,6828.56,7215.0,6750.0,1021627.19847283
1587427200000,6823.57,6845.56,6934.46,6761.06,1253978.01157651
1587513600000,6841.33,7124.66,7154.79,6819.58,596052.03441002
1587600000000,7130.11,7480.05,7752.45,7029.33,1527239.3432491
1587686400000,7484.46,7497.34,7658.78,7401.05,829707.61477406
1587772800000,7506.54,7541.17,7720.52,7437.46,747267.39187127
1587859200000,7537.51,7694.13,7705.38,7461.99,676350.99238685
1587945600000,7695.78,7775.57,7791.73,7628.24,579408.00334417
1588032000000,7777.05,7748.5,7782.01,7670.15,343064.85783727
1588118400000,7742.68,8778.63,8955.58,7713.01,2704649.8557745
1588204800000,8782.65,8630.86,9450.76,8404.31,3448493.17947615
1588291200000,8628.07,8817.65,9051.55,8617.99,1209287.47129153
1588377600000,8818.22,8972.68,9014.77,8757.77,528507.49092923
1588464000000,8973.85,8887.35,9196.27,8718.08,1881186.83228509
1588550400000,8896.62,8868.92,8954.26,8528.63,1736500.58165975
1588636800000,8878.25,9027.64,9105.2,8772.22,1195470.43924764
1588723200000,9022.44,9145.93,9396.16,8918.99,2227399.41493441
1588809600000,9132.52,9991.11,10063.93,9010.0,3257938.16680605
1588896000000,10001.44,9810.32,10032.58,9717.86,1370009.81534028
1588982400000,9805.88,9539.68,9900.0,9507.03,1416032.52967545
1589068800000,9531.93,8726.3,9569.31,8127.14,5178074.83221994
1589155200000,8730.15,8561.03,9162.08,8200.0,3445744.81973006
1589241600000,8560.18,8810.0,8973.14,8533.72,1349116.70376702
1589328000000,8808.62,9295.0,9398.12,8800.91,1524473.76979297
1589414400000,9305.22,9792.25,9936.94,9264.35,2394549.82855706
1589500800000,9796.68,9311.55,9839.59,9142.29,2962845.69504214
1589587200000,9314.71,9387.32,9574.09,9224.81,1285974.25628104
1589673600000,9384.97,9675.9,9883.77,9340.55,1855776.44296358
1589760000000,9682.67,9735.91,9953.2,9433.42,2221113.18337307
1589846400000,9738.69,9771.9,9893.93,9476.26,1616047.12884711
1589932800000,9776.96,9520.76,9836.6,9318.19,1781035.94343176
1590019200000,9506.65,9058.33,9564.73,8823.84,2209187.86491761
1590105600000,9057.15,9169.41,9260.9,8940.0,1137763.21342246
1590192000000,9166.81,9174.47,9302.52,9091.22,527660.74909552
1590278400000,9177.48,8716.23,9297.7,8684.62,1701312.44591027
1590364800000,8714.75,8890.24,8979.62,8646.82,1562194.61276062
1590451200000,8900.59,8839.14,9013.41,8704.33,820292.69070833
1590537600000,8842.15,9202.0,9225.75,8820.0,994500.7833749
1590624000000,9205.0,9578.52,9621.93,9115.16,1256987.15334002
1590710400000,9579.0,9424.31,9603.73,9315.99,701168.29741265
1590796800000,9424.49,9698.33,9739.0,9342.66,1108335.64468651
1590883200000,9701.31,9469.22,9701.84,9398.65,893869.47220922
1590969600000,9449.84,10195.38,10370.58,9424.72,2005070.23572773
1591056000000,10200.0,9522.74,10220.0,9283.85,3243541.0423335102
1591142400000,9514.23,9652.01,9685.01,9391.9,754104.77045587
1591228800000,9669.5,9792.39,9880.8,9455.0,1172304.68297924
1591315200000,9790.74,9628.52,9849.29,9602.38,1075701.11980385
1591401600000,9613.97,9661.48,9733.85,9537.9,719133.96338587
1591488000000,9667.25,9748.82,9818.8,9365.7,1415666.74500601
1591574400000,9750.29,9774.31,9801.01,9633.08,764139.34371864
1591660800000,9781.05,9772.99,9872.56,9560.14,1367445.16420313
1591747200000,9764.48,9886.32,9986.78,9695.99,1467699.62416974
1591833600000,9886.35,9269.7,9958.93,9081.1,2459345.65299843
1591920000000,9258.29,9463.82,9549.99,9242.21,1192655.50114009
1592006400000,9463.82,9465.95,9489.97,9351.22,373532.71101316
1592092800000,9462.31,9346.38,9462.31,9245.04,582323.19435077
1592179200000,9323.26,9430.51,9495.0,8923.23,1380002.93996264
1592265600000,9421.95,9529.1,9587.03,9377.5,916823.52852423
1592352000000,9528.14,9463.47,9564.15,9250.0,823705.07798022
1592438400000,9463.85,9390.23,9483.41,9286.73,467169.69079577
1592524800000,9385.73,9314.01,9438.96,9242.62,725352.59690859
1592611200000,9307.95,9353.98,9396.76,9167.99,433506.07485512
1592697600000,9358.32,9294.41,9417.09,9283.57,401694.39663994
1592784000000,9291.44,9680.86,9777.15,9271.84,1142124.28328666
1592870400000,9689.28,9613.86,9716.54,9550.0,470309.49911107
1592956800000,9625.71,9308.03,9662.99,9211.35,1388561.59765691
1593043200000,9294.78,9254.68,9334.94,9002.74,1026985.85511568
1593129600000,9249.2,9161.8,9295.87,9050.0,874507.33902834
1593216000000,9162.35,9009.86,9195.6,8835.06,1297938.13208518
1593302400000,8993.25,9118.09,9191.26,8943.61,567391.10499894
1593388800000,9119.02,9182.67,9238.72,9027.5,558166.55931064
1593475200000,9198.47,9132.51,9199.66,9063.2,475443.2335411
1593561600000,9132.29,9231.97,9289.52,9090.31,837295.18761981
1593648000000,9232.35,9085.99,9257.75,8948.28,978980.22931847
1593734400000,9080.24,9058.26,9121.51,9042.4,345535.51917178
1593820800000,9056.63,9139.68,9191.9,9043.13,592539.84035128
1593907200000,9137.3,9075.83,9141.86,8909.4,766231.9721039
1593993600000,9067.38,9344.62,9369.88,9056.59,1053996.81305291
1594080000000,9344.15,9258.09,9377.18,9206.54,482169.76838674
1594166400000,9262.19,9425.13,9464.26,9233.38,1124957.33715155
1594252800000,9429.96,9234.39,9432.63,9170.0,635247.54081054
1594339200000,9232.87,9285.54,9315.3,9125.78,644855.43321601
1594425600000,9288.49,9233.85,9298.97,9180.0,267207.84007969
1594512000000,9230.97,9300.0,9342.64,9159.78,623712.86916973
1594598400000,9300.0,9241.03,9342.86,9198.53,1249799.09068338
1594684800000,9241.88,9255.02,9279.55,9107.84,704013.82618785
1594771200000,9254.55,9201.51,9274.12,9159.37,516938.89413087
1594857600000,9196.53,9130.79,9221.29,9043.3,473092.21356627
1594944000000,9135.09,9153.08,9181.95,9089.05,241965.3541453
1595030400000,9147.68,9164.84,9205.47,9122.89,307022.8560458
1595116800000,9170.52,9210.99,9230.85,9106.76,307549.35119545
1595203200000,9215.16,9162.0,9220.16,9136.12,452782.65466484
1595289600000,9162.0,9386.46,9431.33,9154.02,1282154.81137215
1595376000000,9388.52,9518.56,9541.97,9285.13,821578.6774675
1595462400000,9520.51,9608.7,9661.18,9450.0,912463.04926864
1595548800000,9601.25,9542.14,9633.98,9474.37,779059.24976443
1595635200000,9541.82,9699.66,9729.47,9535.47,1309107.3065032
1595721600000,9689.94,9919.91,10130.38,9652.79,2384130.54628051
1595808000000,9933.23,11025.59,11387.17,9923.16,11195355.58645435
1595894400000,11032.42,10912.79,11236.42,10587.94,5795517.95352946
1595980800000,10908.96,11100.0,11339.99,10833.19,1771325.25175019
1596067200000,11083.58,11100.77,11168.31,10833.85,924036.16200074
1596153600000,11100.76,11342.27,11436.77,10963.8,1357398.54239113
1596240000000,11339.93,11807.44,11857.49,11229.46,2109181.7234409
1596326400000,11795.37,11051.39,12106.78,10601.02,3726671.06907404
1596412800000,11071.37,11218.62,11474.76,10930.95,1702914.18205245
1596499200000,11219.18,11174.62,11414.12,11017.99,1534738.83723761
1596585600000,11190.23,11749.51,11779.04,11091.69,1951353.80973862
1596672000000,11748.49,11760.52,11902.45,11572.96,1274112.2342221
1596758400000,11762.52,11572.13,11904.26,11503.63,1289941.19272242
1596844800000,11592.57,11753.11,11803.91,11527.84,1517461.58740314
1596931200000,11762.89,11667.78,11795.97,11530.0,964953.03713323
1597017600000,11681.74,11882.65,12059.94,11442.01,2036538.14444434
1597104000000,11891.62,11392.15,11934.6,11119.32,2032652.04131802
1597190400000,11389.33,11566.44,11618.25,11146.46,1083905.73203528
1597276800000,11571.37,11764.66,11790.01,11276.57,1490633.23510098
1597363200000,11787.67,11760.4,11853.21,11638.15,1411046.99939265
1597449600000,11762.81,11867.17,11976.18,11691.56,1237473.10939457
1597536000000,11851.89,11912.1,11928.76,11692.07,485871.54045425
1597622400000,11913.37,12271.4,12464.2,11770.68,2459145.20656229
1597708800000,12285.28,11957.77,12384.95,11820.0,1683505.19747339
1597795200000,11941.63,11742.87,12001.73,11565.01,1962443.00632391
1597881600000,11750.08,11864.51,11878.82,11678.38,667028.47297562
1597968000000,11851.42,11528.2,11879.76,11490.0,1339026.93779136
1598054400000,11514.42,11658.24,11684.68,11384.2,619427.74869789
1598140800000,11656.27,11649.35,11706.78,11515.35,322601.90388538
1598227200000,11649.27,11759.18,11827.84,11385.16,2218044.0285644
1598313600000,11744.45,11329.12,11761.99,11125.0,1201663.57529043
1598400000000,11317.73,11466.43,11536.32,11255.11,630425.47366347
1598486400000,11460.4,11320.03,11588.68,11125.66,1381039.33281349
1598572800000,11329.22,11527.41,11539.86,11275.76,681735.48011623
1598659200000,11527.41,11481.9,11573.28,11420.47,489364.01809834
1598745600000,11467.58,11692.8,11710.0,11467.58,479507.46718661
1598832000000,11714.43,11655.0,11773.44,11575.0,705152.91043389
1598918400000,11648.13,11915.67,12048.89,11532.85,994356.62937598
1599004800000,11913.71,11385.77,11947.02,11161.84,1957063.46464914
1599091200000,11382.69,10158.14,11455.74,9976.71,3396771.01113151
1599177600000,10149.12,10459.2,10618.52,9907.49,2599497.48056942
1599264000000,10443.53,10147.46,10560.98,9826.51,3378374.28073069
1599350400000,10170.2,10250.85,10335.04,10002.52,871830.87063406
1599436800000,10249.99,10356.73,10403.75,9875.32,1623190.9800226
1599523200000,10386.73,10120.33,10438.09,9844.19,2687264.72640396
1599609600000,10126.18,10214.95,10348.12,9981.24,652444.9969976
1599696000000,10212.98,10338.7,10475.88,10212.98,888813.46575706
1599782400000,10335.36,10389.64,10398.01,10201.72,475201.63451157
1599868800000,10396.34,10440.68,10478.71,10274.92,505474.68439307
1599955200000,10447.72,10316.74,10576.06,10215.95,833207.60502606
1600041600000,10324.08,10656.2,10754.08,10247.48,983411.29503923
1600128000000,10674.48,10765.22,10926.64,10617.66,937300.89503249
1600214400000,10779.76,10948.61,11089.47,10667.62,748220.64064421
1600300800000,10951.48,10941.2,11044.24,10748.77,968226.7307556
1600387200000,10942.84,10934.34,11036.46,10814.42,656186.55862921
1600473600000,10933.91,11079.87,11181.99,10894.54,611856.84900674
1600560000000,11066.01,10913.29,11075.73,10763.18,780634.07432232
1600646400000,10923.84,10430.45,10987.0,10298.1,965312.02805237
1600732800000,10419.57,10520.66,10573.23,10361.39,508828.33900711
1600819200000,10529.4,10231.48,10533.36,10145.54,1216391.7281348
1600905600000,10242.56,10732.42,10789.58,10209.09,938321.19719786
1600992000000,10736.88,10680.3,10761.38,10525.5,995641.33344438
1601078400000,10686.29,10728.21,10814.86,10650.24,486442.42077453
1601164800000,10738.3,10769.13,10799.34,10596.51,399659.46202661
1601251200000,10782.36,10700.46,10940.96,10644.91,1261310.97182565
1601337600000,10690.79,10841.38,10867.58,10636.31,565011.78583546
1601424000000,10845.75,10772.67,10851.53,10664.15,419222.66870622
1601510400000,10782.79,10621.97,10912.76,10456.66,1538884.96058022
1601596800000,10595.89,10570.64,10660.0,10379.18,1205473.21244338
1601683200000,10570.48,10539.04,10599.24,10497.13,245472.56832575
1601769600000,10532.08,10666.54,10699.07,10523.1,401718.97814315
1601856000000,10661.45,10783.0,10786.07,10619.54,609344.1341093
1601942400000,10796.67,10598.86,10796.67,10528.95,819952.41653629
1602028800000,10599.05,10667.21,10676.29,10548.27,377179.26696446
1602115200000,10667.45,10926.78,10943.29,10541.0,1021688.80729686
1602201600000,10928.95,11057.75,11100.0,10831.05,1040774.92158557
1602288000000,11060.37,11296.19,11475.47,11057.74,1587244.2798397199
1602374400000,11306.83,11377.21,11436.8,11275.24,844160.4352907
1602460800000,11369.31,11534.76,11719.0,11167.04,1541193.95943221
1602547200000,11540.74,11424.77,11553.07,11312.4,1589937.49992038
1602633600000,11422.09,11421.15,11537.37,11287.37,856065.14310958
1602720000000,11422.59,11489.69,11608.99,11257.86,1233849.24484492
1602806400000,11501.56,11315.48,11539.27,11206.51,1079984.25473402
1602892800000,11317.69,11358.66,11404.41,11256.67,399314.26052302
1602979200000,11360.85,11500.57,11503.2,11349.42,752926.66406367
1603065600000,11504.77,11739.23,11815.88,11410.0,1534953.81929232
1603152000000,11753.05,11916.7,12033.02,11685.0,1976794.24387294
1603238400000,11916.19,12785.0,13211.49,10150.0,5566837.56652949
1603324800000,12785.0,12983.94,13180.8,12695.95,2694524.12732947
1603411200000,12974.31,12929.34,13021.75,12730.13,1291129.52249408
1603497600000,12934.27,13106.87,13163.6,12879.02,1082701.70548564
1603584000000,13106.95,13025.11,13344.21,12893.93,1837791.05020123
1603670400000,13032.8,13062.42,13229.63,12772.58,1678597.04884739
1603756800000,13054.78,13634.68,13786.29,13047.35,2215204.2105067
1603843200000,13634.29,13281.6,13853.49,12904.63,2247145.08609421
1603929600000,13267.84,13441.16,13641.89,12980.0,2001257.78010077
1604016000000,13453.21,13559.91,13664.48,13120.56,2229936.74435788
1604102400000,13560.0,13799.01,14091.73,13425.16,2020883.72062259
1604188800000,13779.65,13749.69,13886.42,13629.62,674303.44377374
1604275200000,13758.45,13572.31,13826.8,13201.67,2030909.18167297
1604361600000,13563.01,14013.83,14067.12,13300.0,1817347.30271523
1604448000000,14018.0,14141.89,14247.19,13540.77,2763477.06916139
1604534400000,14147.64,15589.43,15754.48,14097.27,3834599.99221636
1604620800000,15585.47,15569.24,15966.08,15182.77,4074883.5579557302
1604707200000,15569.4,14817.32,15755.88,14366.05,4835744.47976347
1604793600000,14806.61,15479.82,15653.9,14706.58,2124775.36808442
1604880000000,15512.86,15323.85,15839.35,14816.86,3804776.28686673
1604966400000,15331.79,15296.25,15453.12,15079.11,1454738.72916909
1605052800000,15299.1,15695.0,15961.88,15280.6,2093556.43180696
1605139200000,15704.1,16284.38,16337.86,15456.66,3923228.18890369
1605225600000,16312.14,16324.84,16467.19,15949.83,2086307.74778441
1605312000000,16288.11,16060.48,16294.17,15714.28,1472033.36852317
1605398400000,16072.67,15948.47,16159.59,15779.45,566881.5457143
1605484800000,15937.16,16702.53,16883.95,15873.74,2335103.93037226
1605571200000,16709.18,17664.52,17851.64,16552.05,4889142.96878519
1605657600000,17654.86,17776.29,18465.87,17231.66,8223940.46539938
1605744000000,17806.97,17811.0,18175.37,17348.97,2492545.89113569
1605830400000,17802.91,18648.05,18808.03,17752.87,3860510.24271144
1605916800000,18664.75,18690.39,18961.89,18332.83,3236002.17053267
1606003200000,18672.48,18431.25,18746.93,17621.63,4035749.49879715
1606089600000,18410.28,18368.93,18761.43,18014.81,3564764.56203292
1606176000000,18362.98,19157.11,19416.29,18016.39,5070334.71404533
1606262400000,19159.52,18732.46,19486.66,18500.0,4209618.46656399
1606348800000,18718.36,17157.0,18912.1,16217.12,13847225.71967829
1606435200000,17164.49,17137.21,17450.0,16453.41,4042890.66915209
1606521600000,17139.08,17727.7,17874.66,16867.66,2632810.49950772
1606608000000,17722.16,18170.19,18337.11,17525.71,2339598.79012955
1606694400000,18183.08,19695.93,19866.14,18183.08,9363898.77746189
1606780800000,19698.3,18777.93,19884.88,18087.28,11799045.12778402
1606867200000,18765.52,19200.94,19336.66,18332.52,6718099.49873791
1606953600000,19197.51,19421.34,19602.43,18873.45,3990088.17586181
1607040000000,19406.98,18659.04,19525.05,18577.93,7007047.02978649
1607126400000,18645.45,19148.7,19176.51,18500.0,1863705.58879007
1607212800000,19137.36,19371.19,19420.81,18864.86,2188820.6385068
1607299200000,19381.11,19185.21,19428.25,18905.46,2269462.06068532
1607385600000,19186.32,18325.63,19294.07,18188.89,4930538.08963956
1607472000000,18321.22,18546.39,18644.19,17653.54,7047989.80214799
1607558400000,18545.62,18246.54,18550.94,17930.0,4185245.14783483
1607644800000,18251.96,18027.76,18294.08,17566.6,6611187.95544713
1607731200000,18032.18,18811.26,18946.6,18023.06,3271733.87672369
1607817600000,18808.78,19175.96,19420.37,18711.27,3704279.06832107
1607904000000,19170.85,19273.23,19343.45,19007.14,3904966.47732754
1607990400000,19279.38,19428.77,19567.68,19056.5,7106634.25643031
1608076800000,19434.32,21350.8,21537.3,19284.48,14101380.92643205
1608163200000,21341.2,22812.74,23801.6,21235.72,20695730.65880707
1608249600000,22814.55,23107.85,23284.91,22351.06,7042924.53767971
1608336000000,23114.04,23827.87,24172.13,22761.33,7941749.67797582
1608422400000,23817.99,23476.66,24292.51,23081.64,8051305.59476647
1608508800000,23460.94,22739.6,24112.35,21959.66,8722533.6965636
1608595200000,22731.75,23824.13,23830.29,22381.0,6867966.86114408
1608681600000,23816.25,23223.32,24105.18,22600.0,9009200.13516412
1608768000000,23227.24,23725.66,23795.75,22710.57,6695160.56231768
1608854400000,23733.42,24698.7,24781.0,23433.62,8365541.0666697
1608940800000,24713.78,26472.63,26855.06,24489.33,8569249.68071481
1609027200000,26507.22,26281.85,28419.58,25820.0,17677689.2738886
1609113600000,26280.53,27084.18,27496.94,26099.46,8909443.28779478
1609200000000,27090.86,27359.58,27404.86,25898.79,7511423.06474402
1609286400000,27385.02,28873.33,28993.55,27385.02,13295550.1780082
1609372800000,28879.64,28905.32,29313.26,27901.0,12613854.08672356
1609459200000,28933.86,29305.29,29611.51,28649.46,8712083.0930659
1609545600000,29321.41,32162.01,33271.38,28955.02,20881659.41692832
1609632000000,32174.75,33031.74,34776.59,31942.96,23523170.34462016
1609718400000,33034.55,32005.27,33593.47,27500.0,30943963.21755061
1609804800000,31996.54,33946.09,34392.59,29937.69,24586401.77872102
1609891200000,33939.15,36756.07,36935.58,33319.67,30185668.03805778
1609977600000,36761.31,39444.65,40358.96,35813.86,29323017.77771191
1610064000000,39437.66,40597.2,41958.85,36589.0,38475636.89771977
1610150400000,40574.89,40090.54,41371.87,38739.22,19524454.24187214
1610236800000,40092.11,38182.97,41330.71,35200.0,28779739.96397699
1610323200000,38166.79,35438.75,38288.44,30471.78,63186635.3197367
1610409600000,35438.75,34041.15,36600.1,32600.0,31935328.90571347
1610496000000,34044.28,37351.77,37805.88,32403.05,29057479.02602581
1610582400000,37329.13,39175.88,40100.54,36766.07,15715758.18542151
1610668800000,39138.66,36732.12,39723.34,34444.39,20378498.04992207
1610755200000,36734.73,35982.21,37948.26,35350.0,14202479.536916729
1610841600000,35982.2,35826.78,36842.5,33859.11,10929471.8025095
1610928000000,35841.98,36627.61,37469.87,34787.46,11880727.07617524
1611014400000,36624.79,35926.59,37848.91,35874.74,12544586.63244199
1611100800000,35867.39,35484.17,36398.16,33351.36,18325661.94344271
1611187200000,35464.08,30748.54,35604.47,30191.0,28945579.36678304
1611273600000,30873.21,33045.55,33827.83,29000.0,26677749.66769687
1611360000000,32941.38,32110.3,33451.56,31400.0,6827842.65824214
1611446400000,32064.71,32276.8,33073.47,30895.25,5809339.73844663
1611532800000,32276.46,32222.22,34860.0,31937.89,9110354.86181086
1611619200000,32218.2,32457.97,32920.0,30831.41,7883870.01678576
1611705600000,32493.78,30356.27,32555.7,29250.0,9274209.85104054
1611792000000,30351.17,33311.17,33780.5,29858.1,9106948.03980745
1611878400000,33372.95,34242.42,38539.39,31929.72,35133643.12986929
1611964800000,34282.21,34240.95,34929.32,32835.91,10536117.49029808
1612051200000,34240.99,33071.34,34334.27,32166.67,6335110.90285007
1612137600000,33097.72,33545.56,34700.0,32287.34,7258656.253726
1612224000000,33491.57,35505.83,35976.92,33440.11,8763795.90955589
1612310400000,35477.64,37633.27,37652.5,35381.06,18264616.01160285
1612396800000,37601.48,36961.45,38696.53,36181.63,29804100.67066986
1612483200000,36935.44,38306.68,38344.42,36570.91,15094025.28817693
1612569600000,38306.68,39220.16,40958.13,38209.7,10768964.01074215
1612656000000,39177.37,38789.4,39680.56,37360.12,14077256.77115848
1612742400000,38796.29,46386.93,46788.25,38009.78,25030812.47228395
1612828800000,46410.03,46468.4,48123.7,45014.73,25993562.32401953
1612915200000,46468.4,44871.28,47300.0,43700.0,21733181.03811529
1613001600000,44871.28,47961.49,48710.45,43984.89,15455629.82683425
1613088000000,47977.55,47326.29,48986.88,46157.73,17742246.22779752
1613174400000,47319.46,47110.11,48128.28,46233.27,13840646.41390588
1613260800000,47138.7,48589.46,49691.04,47011.23,8863273.86609896
1613347200000,48580.94,47907.41,48983.98,45610.03,20801223.21267264
1613433600000,47922.97,49132.87,50684.84,47037.04,21940235.1244169
1613520000000,49167.87,52039.76,52615.33,48964.28,20844372.72457191
1613606400000,52118.97,51614.67,52520.18,50914.9,17467396.80824625
1613692800000,51578.71,55876.0,56335.12,50738.02,17533585.68993213
1613779200000,55929.59,55858.83,57567.0,53865.08,16895130.78055506
1613865600000,55853.06,57425.47,58361.09,55462.71,12995734.53381507
1613952000000,57416.19,54152.15,57509.4,47913.84,30460559.69618743
1614038400000,54118.63,48903.91,54179.23,44928.36,42115993.03391842
1614124800000,48913.96,49682.98,51356.82,46953.92,17803645.31749327
1614211200000,49679.78,47075.19,52001.06,46708.76,16633718.98847942
1614297600000,47013.45,46314.74,48435.78,44111.32,21252491.05219016
1614384000000,46303.21,46113.12,48375.0,45013.6,10754234.78864974
1614470400000,46107.36,45161.6,46613.27,43000.0,16597085.66880904
1614556800000,45161.2,49617.18,49783.33,44950.13,17689566.67427134
1614643200000,49566.16,48456.72,50204.7,47065.54,11109791.96378921
1614729600000,48389.21,50352.9,52631.64,48148.14,12953206.86199214
1614816000000,50377.73,48373.02,51780.29,47500.0,17915120.10429652
1614902400000,48331.2,48747.32,49430.45,46329.97,19323286.06757096
1614988800000,48773.57,48905.34,49210.46,47055.76,13273744.72111348
1615075200000,48893.35,50960.87,51447.81,48893.35,10162436.04685744
1615161600000,50996.74,52335.07,52395.78,49285.46,14125103.49144634
1615248000000,52400.0,54857.46,54890.0,51847.85,16830217.55977555
1615334400000,54889.99,55955.34,57407.64,52782.18,31255962.39836237
1615420800000,55909.78,57756.57,58129.0,54294.59,16972236.04199202
1615507200000,57761.45,57232.78,58091.65,55052.66,22120573.88405076
1615593600000,57178.52,61173.44,61822.09,56100.0,14089639.31606301
1615680000000,61203.75,58963.2,61697.85,58963.2,10468545.26311264
1615766400000,58962.85,55552.06,60611.01,54583.37,26612118.47928404
1615852800000,55565.82,56946.89,56946.89,53280.97,20805651.20610015
1615939200000,56928.63,58781.2,58974.35,54142.98,17452148.44095399
1616025600000,58975.98,57678.64,60122.56,57024.0,14658022.64063121
1616112000000,57623.45,58143.3,59459.94,56274.68,14916011.33077083
1616198400000,58040.59,58075.12,59876.34,57832.25,9461276.37776965
1616284800000,58060.15,57330.95,58571.99,55459.19,9983911.99666925
1616371200000,57392.09,54076.17,58426.53,53701.96,11584795.7072163
1616457600000,54066.67,54387.68,55829.74,53000.07,12300434.2417586
1616544000000,54303.69,52307.69,57184.47,51000.0,17653827.98768019
1616630400000,52294.13,51304.0,53228.87,50444.23,16441865.18916438
1616716800000,51311.64,55028.38,55091.44,51283.54,12821522.78350297
1616803200000,55028.36,55839.0,56632.08,53944.2,10752994.78822103
1616889600000,55823.71,55773.8,56541.9,54687.88,7839612.29592249
1616976000000,55809.0,57611.51,58401.15,54914.74,12111195.39169459
1617062400000,57677.07,58747.49,59359.65,57076.67,8419671.42947118
1617148800000,58717.24,58773.06,59787.24,56857.7,15269412.06003538
1617235200000,58747.08,58723.68,59487.01,57943.49,13300287.11694084
1617321600000,58735.38,58980.0,60171.61,58444.89,16546234.35860319
1617408000000,58958.71,57054.29,59780.83,56897.85,16338573.80759118
1617494400000,57061.2,58179.83,58482.2,56442.0,14055214.07964217
1617580800000,58236.24,59110.55,59259.78,56801.82,11322663.24457296
1617667200000,59131.13,57995.35,59500.0,57401.96,21717823.52014394
1617753600000,57995.35,55921.81,58643.67,55470.1,35269432.75069636
1617840000000,55940.45,58070.47,58144.15,55690.9,13688415.59779739
1617926400000,58081.86,58114.3,58886.76,57660.43,13008903.52191834
1618012800000,58148.26,59776.67,61353.31,57892.24,27626356.70515345
1618099200000,59779.45,60001.4,60693.74,59231.65,23933422.33264568
1618185600000,60002.61,59870.0,61259.43,59428.57,20525915.27033367
1618272000000,59870.0,63555.57,63749.42,59826.57,29888284.3605392
1618358400000,63607.7,62940.36,64853.59,61321.56,46730790.28501055
1618444800000,63019.42,63161.09,63767.34,62038.65,18123997.47370701
1618531200000,63193.73,61345.0,63510.88,60006.79,42799986.25046863
1618617600000,61345.0,60000.96,62500.0,59608.3,21735519.96038643
1618704000000,60010.75,56155.11,60366.84,51000.74,100375989.83863388
1618790400000,56152.95,55607.18,57513.51,54242.56,42680738.90219084
1618876800000,55623.02,56430.65,57084.74,53353.6,51138162.62334897
1618963200000,56430.65,53788.72,56756.47,53626.3,35208677.05026257
1619049600000,53806.36,51694.18,55463.66,50481.03,62327721.92407002
1619136000000,51692.95,51121.61,52119.17,47509.6,47989705.66608216
1619222400000,51125.96,50042.37,51186.03,48675.17,22776945.16629727
1619308800000,50082.49,49063.82,50571.42,46957.72,38166292.2376791
1619395200000,49082.7,54019.14,54333.33,48777.77,45572693.50507815
1619481600000,53991.9,55008.96,55447.05,53248.44,34344474.94576637
1619568000000,55012.03,54831.52,56427.44,53813.23,31595546.75923869
1619654400000,54871.95,53557.33,55190.72,52328.22,22571673.76616592
1619740800000,53557.85,57707.15,57915.1,53051.59,33370891.00869311
1619827200000,57698.27,57780.38,58467.76,57003.72,22102661.64593333
1619913600000,57800.0,56577.85,57913.32,56057.84,21223520.84565957
1620000000000,56577.85,57162.07,58964.91,56463.54,29274205.82272165
1620086400000,57162.08,53206.25,57189.19,53084.81,46958854.46619596
1620172800000,53196.41,57430.25,57988.13,52914.2,45845932.63278258
1620259200000,57439.07,56404.09,58358.14,55267.08,35956400.93648483
1620345600000,56410.73,57328.39,58657.56,55219.66,35546055.88473192
1620432000000,57303.44,58861.73,59615.9,56933.24,32094147.01697727
1620518400000,58881.25,58235.83,59223.28,56266.44,30961198.49947802
1620604800000,58253.12,55815.35,59516.44,53588.23,52149113.95659633
1620691200000,55795.74,56674.93,56886.54,54484.15,28018183.61125211
1620777600000,56679.21,49734.81,57995.75,48645.6,46224088.1358452
1620864000000,49666.15,49669.51,51367.91,45825.78,95936727.32014993
1620950400000,49651.56,49850.56,51470.82,48830.57,25967291.71172698
1621036800000,49856.09,46764.44,50689.76,46561.24,25264396.61232067
1621123200000,46764.43,46431.1,49785.42,43879.82,50382468.90507458
1621209600000,46413.31,43547.02,46612.88,42113.36,58928279.60167797
1621296000000,43584.18,42848.25,45783.51,42252.71,36660668.99971532
1621382400000,42858.47,36653.5,43586.43,30116.81,122505668.80023779
1621468800000,36672.13,40517.63,42415.23,34933.59,102427403.36676864
1621555200000,40502.48,37269.42,42201.52,33500.0,109518814.81413671
1621641600000,37199.43,37459.95,38831.23,35215.38,68649886.8201577
1621728000000,37457.21,34646.69,38272.17,31109.0,98942201.13271943
1621814400000,34668.82,38800.0,39916.7,34383.3,49965985.6612335
1621900800000,38800.0,38346.31,39802.98,36445.8,47602435.47035664
1621987200000,38330.47,39229.25,40834.13,37807.82,44249813.6768233
1622073600000,39220.87,38517.1,40397.39,37138.13,43328489.87630663
1622160000000,38531.8,35648.81,38868.51,34703.49,69811012.7616375
1622246400000,35666.61,34598.17,37306.11,33629.63,70120003.19511005
1622332800000,34605.72,35644.74,36497.16,33390.67,28418995.49848516
1622419200000,35623.36,37278.91,37492.93,34159.81,33772492.4304178
1622505600000,37260.86,36661.22,37907.9,35673.63,31568253.45531686
1622592000000,36699.03,37579.07,38226.44,35937.84,19099442.9646743
1622678400000,37553.86,39235.62,39467.3,37159.14,19338574.92096618
1622764800000,39249.74,36849.63,39291.0,35580.6,28160155.87667502
1622851200000,36827.12,35520.64,37909.11,34813.63,25121563.091921
1622937600000,35520.63,35800.33,36466.16,35229.93,16200388.67724017
1623024000000,35786.7,33574.51,36796.64,33293.73,25832276.06555215
1623110400000,33551.19,33375.75,34062.08,31007.99,37148386.73532872
1623196800000,33384.21,37387.12,37529.42,32400.0,44004962.72937522
1623283200000,37398.73,36656.06,38429.32,35793.04,36496930.37349867
1623369600000,36730.0,37336.65,37667.81,35954.63,28298015.14503823
1623456000000,37348.27,35528.99,37454.93,34600.83,23283239.93680019
1623542400000,35528.99,39017.71,39362.54,34772.02,28906644.23885123
1623628800000,39032.5,40522.72,41045.45,38739.09,33785545.03096959
1623715200000,40528.17,40154.51,41356.9,39536.75,24578803.39599452
1623801600000,40134.0,38351.86,40522.07,38119.12,26433404.71655093
1623888000000,38330.04,38094.04,39542.38,37378.93,29398643.25220912
1623974400000,38063.65,35824.6,38195.67,31000.0,39665257.77486304
1624060800000,35814.46,35493.08,36452.48,34830.14,31242310.31822783
1624147200000,35484.89,35593.24,36132.13,33342.36,43804588.27348468
1624233600000,35608.32,31616.31,35742.84,31254.29,108767768.82865494
1624320000000,31614.45,32496.39,33295.8,28812.78,66315292.21889972
1624406400000,32509.3,33664.27,34838.8,31670.94,61826058.40436237
1624492800000,33675.5,34653.19,35279.2,32313.37,34853648.6132732
1624579200000,34711.06,31592.52,35499.14,31270.83,42460194.86610938
1624665600000,31578.88,32271.79,32711.25,30161.2,52036867.53021109
1624752000000,32294.65,34692.49,34748.64,32000.19,36502679.25897412
1624838400000,34709.02,34487.91,35285.42,33884.84,25246027.51940551
1624924800000,34487.57,35922.17,36605.26,34235.93,23288098.30354664
1625011200000,35894.9,35036.58,36088.87,34013.34,19448341.10924547
1625097600000,35048.78,33506.98,35048.78,32720.03,26398594.04060779
1625184000000,33502.26,33796.99,33971.12,32698.4,21787265.65713544
1625270400000,33831.62,34680.62,34943.45,33322.38,11335023.35099312
1625356800000,34648.23,35280.51,35955.94,34374.99,10270157.53577136
1625443200000,35271.85,33704.45,35271.85,33138.52,15425540.7852676
1625529600000,33693.05,34217.95,35098.77,33532.93,14329748.62192882
1625616000000,34178.7,33856.82,35050.0,33789.71,8582870.99190321
1625702400000,33849.49,32865.32,33910.81,32082.19,13451280.68698657
1625788800000,32825.9,33800.0,34098.94,32269.96,7271187.10806009
1625875200000,33809.13,33521.39,34259.02,33037.11,4871755.27167592
1625961600000,33507.55,34219.66,34608.53,33315.62,3910401.39314816
1626048000000,34257.39,33095.72,34672.14,32660.9,7434338.3667683
1626134400000,33080.47,32735.35,33333.33,32212.0,7531732.74080687
1626220800000,32720.31,32833.28,33101.8,31592.44,10198836.26070444
1626307200000,32804.36,31880.94,33190.35,31146.74,8631902.73902265
1626393600000,31868.53,31384.87,32246.13,31032.34,7673455.65226964
1626480000000,31373.98,31496.21,31962.49,31173.03,4870073.9675156
1626566400000,31485.79,31772.22,32440.18,31111.12,4707425.83244872
1626652800000,31796.51,30807.0,31893.64,30418.08,6880068.91081368
1626739200000,30836.68,29793.14,31058.04,29285.64,9282906.40128379
1626825600000,29817.41,32137.9,32827.16,29485.51,16068624.15976164
1626912000000,32136.1,32288.45,32585.53,31717.4,6749659.80755463
1626998400000,32309.79,33617.19,33629.45,31988.51,8306782.47121262
1627084800000,33631.54,34256.95,34487.56,33406.18,7008589.00048544
1627171200000,34257.61,35376.42,35400.0,33859.48,6292837.6922645
1627257600000,35400.17,37238.35,40552.97,35228.72,58073045.30563899
1627344000000,37228.04,39451.15,39539.28,36388.38,46764680.68284053
1627430400000,39478.73,40004.07,40904.2,38801.68,60120870.66646637
1627516800000,40015.28,40024.95,40638.33,39246.14,27532474.0497002
1627603200000,40036.67,42184.71,42304.59,38319.41,35274535.99913011
1627689600000,42202.67,41467.43,42406.06,41042.3,25570377.14251834
1627776000000,41454.28,39867.61,42572.97,39435.07,29855865.46213763
1627862400000,39854.9,39134.75,40448.59,38690.0,28429814.55125601
1627948800000,39131.81,38207.64,39772.59,37624.27,32793083.72640866
1628035200000,38187.16,39717.83,39960.18,37502.81,35193461.74548675
1628121600000,39734.44,40850.68,41351.73,37324.64,37209220.70619197
1628208000000,40879.64,42778.58,43357.2,39871.81,44660448.24046401
1628294400000,42840.78,44569.13,44703.76,42466.76,32222114.45816159
1628380800000,44591.85,43800.1,45323.78,43267.87,39741466.07580483
1628467200000,43787.81,46259.86,46450.0,42792.26,40227368.45051765
1628553600000,46266.87,45607.09,46729.77,44646.75,24473355.09538074
1628640000000,45571.98,45514.26,46756.6,45337.43,26395909.33763132
1628726400000,45514.26,44413.58,46225.03,43774.29,35961798.40567902
1628812800000,44417.93,47810.29,47887.04,44232.45,26359306.18345472
1628899200000,47808.98,47057.95,48142.35,46007.85,24642483.05431314
1628985600000,47088.11,47026.59,47369.86,45498.97,20607679.53160246
1629072000000,46968.06,45910.68,48042.76,45666.66,28238283.92624421
1629158400000,45892.51,44684.76,47165.41,44387.37,25648510.54497261
1629244800000,44687.23,44712.79,46015.73,44210.52,24955236.36995822
1629331200000,44719.39,46766.09,47037.31,43946.05,25898086.2741879
1629417600000,46773.08,49330.28,49398.55,46654.37,25441807.6002586
1629504000000,49326.73,48828.44,49786.94,48250.0,20740983.24513792
1629590400000,48811.93,49237.98,49491.21,48053.85,16324004.50668423
1629676800000,49256.32,49511.25,50519.73,49033.55,17349852.97450697
1629763200000,49471.73,47687.62,49855.83,47600.74,19881957.59601519
1629849600000,47691.39,48992.13,49249.38,47124.15,15280627.64041214
1629936000000,48981.39,46832.32,49352.48,46289.31,23370389.84348339
1630022400000,46853.72,49065.69,49145.45,46346.8,16327493.68039332
1630108800000,49058.85,48893.12,49294.85,48351.66,9579718.99253038
1630195200000,48904.82,48766.23,49625.73,47766.64,13936053.89769352
1630281600000,48766.23,46973.36,48864.24,46860.25,15835075.46411886
1630368000000,46971.17,47104.02,48244.76,46700.0,13572871.46271039
1630454400000,47094.77,48824.52,49154.87,46523.64,14856711.82171111
1630540800000,48824.63,49262.09,50368.39,48599.52,17397810.27948581
1630627200000,49261.75,50006.77,51036.51,48344.77,26334878.32506392
1630713600000,49993.48,49924.04,50527.47,49374.49,10700587.28018411
1630800000000,49938.74,51766.08,51884.48,49461.18,11334639.11551128
1630886400000,51771.94,52670.46,52777.26,51000.0,15854080.80854038
1630972800000,52655.13,46854.08,52921.17,42842.06,55057779.9399835
1631059200000,46852.57,46076.92,47332.92,44404.0,39092721.39486001
1631145600000,46063.39,46376.72,47399.7,45523.81,22637081.01569725
1631232000000,46370.43,44855.96,47046.55,44129.41,21274735.07802231
1631318400000,44838.69,45148.04,45988.21,44722.75,11245495.39560074
1631404800000,45162.55,46027.77,46482.91,44747.08,10310770.52428281
1631491200000,46032.51,44966.38,46868.0,43400.01,34461005.39549901
1631577600000,44953.61,47115.67,47253.93,44646.41,18578950.6898618
1631664000000,47088.05,48122.51,48449.82,46693.49,11547314.46220887
1631750400000,48132.64,47778.21,48483.87,47019.16,11238947.88818893
1631836800000,47761.34,47297.06,48149.99,46750.0,15292694.82424653
1631923200000,47297.06,48298.24,48822.96,47043.47,14937394.91701022
1632009600000,48280.26,47253.0,48358.1,46841.36,15113263.87787637
1632096000000,47260.38,43024.3,47335.39,42477.34,59081087.29410595
1632182400000,43017.59,40711.34,43628.08,39601.76,28074707.97984984
1632268800000,40742.78,43569.32,44044.97,40573.44,13134978.50882258
1632355200000,43545.89,44873.52,44970.0,43081.39,21677802.11355598
1632441600000,44856.8,42825.93,45166.9,40701.68,21181103.71530701
1632528000000,42816.59,42691.47,42971.84,41660.34,18202813.87225127
1632614400000,42674.74,43157.31,43947.66,40753.56,12808128.83677454
1632700800000,43138.88,42163.05,44357.56,42101.09,9007355.89759709
1632787200000,42135.62,41027.56,42761.9,40878.18,8904345.95737553
1632873600000,41027.56,41540.88,42600.0,40753.27,6669084.27053118
1632960000000,41540.87,43814.04,44107.61,41413.79,9983618.51493849
1633046400000,43825.91,48141.86,48454.35,43296.61,20334227.07234169
1633132800000,48141.86,47673.42,48329.32,47432.44,4425313.78691298
1633219200000,47652.54,48193.6,49213.41,47085.02,6769028.37372002
1633305600000,48188.92,49209.86,49490.82,46902.4,11177731.70723202
1633392000000,49209.98,51472.55,51887.58,49048.35,12201148.04785441
1633478400000,51453.36,55314.08,55763.34,50399.09,31083522.75829953
1633564800000,55326.96,53759.47,55335.86,53372.79,17333206.37256045
1633651200000,53786.77,53931.59,56108.63,53626.09,11086522.81791714
1633737600000,53974.27,54909.73,55469.69,53673.33,5171497.30063513
1633824000000,54929.4,54632.2,56517.37,54106.64,8815947.20375674
1633910400000,54650.0,57472.39,57828.75,54425.55,11120066.01671141
1633996800000,57452.25,56008.43,57667.6,53918.36,17164745.63418512
1634083200000,55994.38,57381.02,57767.57,54243.01,18528218.25811022
1634169600000,57374.38,57323.25,58522.72,56838.93,14879119.24604154
1634256000000,57335.18,61692.71,62921.75,56868.66,34353634.07353951
1634342400000,61705.9,60875.66,62355.71,60152.52,11844923.17685536
1634428800000,60882.41,61522.79,61765.36,58950.0,15999014.01151625
1634515200000,61558.1,62069.63,62697.12,59887.66,22434329.79701499
1634601600000,62035.82,64287.6,64470.07,61361.15,33804722.144059926
1634688000000,64300.48,66010.31,67018.63,63511.28,24067733.97813809
1634774400000,65991.72,62202.64,66642.09,62003.91,33945762.85596567
1634860800000,62202.64,60701.38,63718.37,60022.06,21924102.55917866
1634947200000,60666.1,61291.02,61729.12,59602.68,8951252.86618726
1635033600000,61312.35,60869.33,61456.99,59525.69,11494777.13750935
1635120000000,60886.74,63079.59,63723.55,60644.15,11435093.97179664
1635206400000,63099.08,60312.97,63287.36,59852.95,13412118.590391
1635292800000,60301.41,58409.03,61475.81,58035.54,24209873.96830317
1635379200000,58435.87,60596.98,62459.33,57802.53,37668743.99018605
1635465600000,60564.1,62252.25,62955.51,60188.25,24431819.60461863
1635552000000,62275.71,61870.93,62355.63,60732.29,14242267.40899348
1635638400000,61882.1,61311.4,62389.28,59967.91,16014206.05470203
1635724800000,61336.41,60913.6,62428.57,59430.32,21592714.28015625
1635811200000,60891.41,63180.46,64266.13,60650.37,18906570.46032613
1635897600000,63224.11,62896.54,63514.5,60069.42,24964522.61721095
1635984000000,62912.21,61424.36,63115.47,60678.25,19911337.43286276
1636070400000,61383.49,60975.0,62584.47,60727.49,14356420.23421457
1636156800000,60924.14,61465.74,61550.72,60068.81,10178739.45922819
1636243200000,61465.74,63266.35,63282.63,61317.02,12189114.167931389
1636329600000,63266.35,67530.41,67773.37,63266.35,27334176.93418694
1636416000000,67548.75,66902.74,68534.87,66230.0,21911932.63032844
1636502400000,66956.22,64922.02,69011.86,62876.09,37915583.39663377
1636588800000,64839.59,64781.2,65595.87,64112.24,17056486.62641898
1636675200000,64781.2,64163.06,65455.1,62254.23,20448182.64992765
1636761600000,64120.23,64374.97,64961.44,63382.24,6740347.00188915
1636848000000,64412.42,65512.38,65512.38,63588.82,11209379.01511687
1636934400000,65504.62,63601.17,66323.84,63414.52,13385792.27269741
1637020800000,63611.74,60082.69,63611.74,58562.5,40240622.29453668
1637107200000,60056.9,60359.33,60815.33,58383.53,17040368.13863003
1637193600000,60356.32,56893.67,60968.31,56459.84,32616830.50610003
1637280000000,56878.24,58055.9,58325.33,55589.06,17359348.42191552
1637366400000,58083.08,59691.07,59840.82,57373.63,10726443.21873505
1637452800000,59699.3,58636.83,60015.0,58511.38,9217397.58858973
1637539200000,58612.01,56270.12,59419.76,55610.03,26150463.2058378
1637625600000,56233.11,57557.38,57850.46,55373.29,28813390.51902359
1637712000000,57562.46,57181.79,57722.85,55882.76,18060153.41455341
1637798400000,57146.09,58920.0,59386.73,57002.23,18045028.09294068
1637884800000,58990.0,53738.41,59177.7,53484.35,30504157.87022963
1637971200000,53720.4,54781.48,55272.05,53623.82,6478324.66416938
1638057600000,54607.42,57315.18,57427.05,53293.11,11143737.1605926
1638144000000,57318.34,57785.64,58850.29,56676.38,12609055.57483455
1638230400000,57774.66,56938.26,59169.19,55873.06,20871981.99213608
1638316800000,56975.25,57211.7,59037.85,56468.39,13870791.49737182
1638403200000,57178.62,56520.76,57368.02,55789.75,9503860.79949206
1638489600000,56544.33,53624.36,57601.83,51694.02,18660583.45331382
1638576000000,53647.22,49181.98,53854.41,41582.75,49405069.92066663
1638662400000,49189.69,49391.47,49681.1,47760.62,11017167.77519749
1638748800000,49393.93,50479.63,50901.02,47146.36,16619612.89671393
1638835200000,50455.88,50571.59,51923.92,50028.51,9506814.07683236
1638921600000,50591.23,50434.23,51182.86,48612.97,8909308.83334417
1639008000000,50500.12,47597.02,50790.76,47319.19,9421180.15562147
1639094400000,47660.32,47155.25,50094.97,46879.9,13001840.90467827
1639180800000,47136.61,49381.58,49473.68,46754.34,6636675.81075761
1639267200000,49401.13,50065.68,50769.99,48651.42,9005508.50442899
1639353600000,50049.14,46742.7,50176.72,45733.1,16954946.3327854
1639440000000,46649.95,48348.14,48658.32,46290.46,8885693.90881681
1639526400000,48348.14,48856.83,49475.15,46554.14,17175002.56230981
1639612800000,48860.61,47645.98,49421.34,47508.64,6993745.0543848
1639699200000,47589.97,46198.74,47981.39,45471.15,8263797.35569932
1639785600000,46127.67,46833.79,47338.53,45517.26,3470459.06405017
1639872000000,46806.02,46687.36,48296.15,46419.83,4665454.77788006
1639958400000,46670.19,46895.53,47528.65,45566.09,5429275.69144191
1640044800000,46925.88,48860.67,49296.54,46666.66,7631558.15444901
1640131200000,48917.45,48583.5,49556.78,48447.73,4953158.90920041
1640217600000,48626.93,50789.62,51378.06,48020.2,7289325.97268591
1640304000000,50840.26,50801.29,51818.46,50424.24,4625319.10093827
1640390400000,50836.15,50418.07,51140.54,50131.56,2837203.66194625
1640476800000,50390.05,50752.76,51300.0,49433.78,4316737.93883059
1640563200000,50771.09,50662.87,52082.54,50458.74,5488181.97026488
1640649600000,50708.38,47533.28,50708.38,47315.88,8982300.98155738
1640736000000,47570.65,46436.79,48138.91,46099.81,6343250.98697114
1640822400000,46475.35,47135.98,47895.8,45942.1,5818695.25997936
1640908800000,47105.87,46213.76,48559.05,45669.33,7489297.57962447
1640995200000,46192.43,47737.6,47939.39,46192.43,5130033.75669766
1641081600000,47716.44,47339.15,47975.79,46675.97,4068299.81354398
1641168000000,47300.67,46438.64,47573.7,45688.53,6276252.984187
1641254400000,46494.93,45849.98,47535.3,45518.0,4575878.5237259
1641340800000,45838.76,43438.22,47056.53,42504.51,12743067.67565126
1641427200000,43438.22,43142.34,43769.41,42416.13,6378985.22463709
1641513600000,43100.84,41544.89,43145.95,40595.47,13596093.13334178
1641600000000,41625.05,41691.66,42318.07,40502.75,7493091.88076927
1641686400000,41696.34,41874.55,42784.53,41221.57,4829469.43816237
1641772800000,41842.71,41816.54,42225.13,39653.48,12010852.13624199
1641859200000,41840.61,42745.68,43104.42,41271.84,8955863.52668515
1641945600000,42742.1,43904.77,44306.78,42439.0,7233503.79751533
1642032000000,43930.4,42543.91,44422.59,42322.19,9509401.7727394
1642118400000,42585.13,43075.54,43441.29,41770.37,6543020.82122532
1642204800000,43062.89,43075.87,43789.47,42565.65,5675239.4160353
1642291200000,43082.67,43070.22,43478.57,42606.27,8142949.23725466
1642377600000,43087.26,42205.13,43173.19,41553.63,4636973.09530358
1642464000000,42214.43,42361.58,42681.88,41276.22,5521511.69706087
1642550400000,42364.8,41660.51,42561.91,41151.51,9325316.86559166
1642636800000,41664.64,40690.58,43505.05,40564.54,10216224.77816747
1642723200000,40675.63,36474.82,41093.77,35450.11,31203981.72593465
1642809600000,36445.31,35072.22,36832.05,34026.25,22955141.42503448
1642896000000,35083.42,36264.17,36500.0,34613.26,11470761.23260446
1642982400000,36254.02,36638.61,37529.16,32946.64,29234070.55825649
1643068800000,36674.79,36944.5,37534.02,35698.66,6117197.82487278
1643155200000,36970.03,36806.1,38899.87,36263.62,9828802.80271689
1643241600000,36721.62,37189.32,37222.22,35521.43,7072162.18813357
1643328000000,37166.12,37745.25,38000.0,36173.91,4372305.0170045
1643414400000,37743.43,38155.0,38710.64,37304.95,6315404.01544151
1643500800000,38161.39,37917.6,38367.74,37346.43,4670640.92515638
1643587200000,37937.51,38477.61,38731.81,36633.56,8793313.41029985
1643673600000,38471.0,38694.4,39290.74,38011.11,11360608.41598181
1643760000000,38721.1,36907.94,38857.95,36596.2,7635907.80122981
1643846400000,36901.29,37296.17,37354.27,36256.76,8361984.96251438
1643932800000,37333.73,41578.7,41786.18,37039.57,18815145.76877637
1644019200000,41578.72,41413.49,41913.84,40938.83,7577702.69676805
1644105600000,41450.64,42412.6,42668.93,41125.74,6565345.61504051
1644192000000,42407.23,43822.1,44502.93,41652.86,14865541.20197017
1644278400000,43854.64,44027.06,45483.41,42673.45,20088219.24070665
1644364800000,44081.06,44382.13,44803.47,43136.03,11708965.61231138
1644451200000,44393.58,43489.69,45827.12,43182.61,31223589.29479552
1644537600000,43468.76,42398.13,43916.66,41946.24,15136626.16840668
1644624000000,42366.25,42252.67,43000.25,41714.68,7535226.00234259
1644710400000,42236.48,42032.23,42753.36,41873.25,4248822.29613867
1644796800000,42087.0,42541.22,42837.67,41563.49,8728910.64212324
1644883200000,42558.44,44536.2,44742.18,42446.68,10313948.91231761
1644969600000,44561.6,43892.43,44561.6,43318.04,5738140.61616784
1645056000000,43865.89,40564.25,44157.76,40071.06,15050165.8538465
1645142400000,40481.43,40010.25,40994.37,39454.86,11334083.7720641
1645228800000,39983.62,40119.04,40446.06,39650.23,2197540.95098681
1645315200000,40099.81,38339.8,40103.58,37988.68,7059169.86330157
1645401600000,38427.93,37027.25,39477.48,36811.44,19078957.67681233
1645488000000,37035.04,38211.48,38414.17,36353.07,11711834.18339862
1645574400000,38239.0,37202.52,39237.59,37062.43,7064709.8579813
1645660800000,37225.4,38297.1,39788.79,34316.84,28774917.59099502
1645747200000,38330.65,39221.12,39678.96,38013.13,9968771.0070273
1645833600000,39201.13,39111.11,40283.92,38586.13,5629990.19671281
1645920000000,39129.2,37691.03,39850.71,36999.09,10790592.13749125
1646006400000,37690.35,43170.95,44209.56,37442.99,23834972.00253258
1646092800000,43193.64,44396.56,44950.0,42844.8,10618359.79727968
1646179200000,44400.0,43925.39,45300.0,43343.96,12804768.94875047
1646265600000,43848.26,42466.67,44085.03,41823.29,6106013.31944711
1646352000000,42476.78,39123.41,42504.22,38565.08,6474137.40453216
1646438400000,39128.91,39405.13,39597.29,38586.13,2989768.71138146
1646524800000,39381.39,38403.71,39678.96,38075.6,4842122.74718133
1646611200000,38398.05,38000.0,39541.2,37153.29,6213016.15064959
1646697600000,37979.03,38760.68,39359.38,37880.62,6579308.49661706
1646784000000,38709.43,41946.36,42662.68,38656.31,11533506.68256386
1646870400000,41965.73,39405.57,42057.09,38550.97,12209876.56803086
1646956800000,39433.86,38737.06,40222.22,38229.88,7261710.48500775
1647043200000,38730.94,38831.47,39456.79,38664.07,2843234.45521358
1647129600000,38794.64,37801.76,39312.15,37591.9,3526409.97876975
1647216000000,37775.87,39678.82,39907.26,37565.35,4098365.21876609
1647302400000,39689.38,39323.72,39878.76,38130.01,4561388.89580818
1647388800000,39300.53,41130.24,41693.93,38851.4,13207531.74828834
1647475200000,41106.25,40928.58,41457.33,40510.27,3613500.60779089
1647561600000,40921.53,41740.59,42325.56,40161.91,4288530.94853024
1647648000000,41814.57,42191.28,42384.8,41518.77,2904477.01439683
1647734400000,42216.84,41210.22,42278.03,40911.7,3329728.91477191
1647820800000,41259.74,41026.23,41537.18,40490.29,3765817.04352646
1647907200000,41000.78,42336.46,43327.15,40888.53,6803320.86226818
1647993600000,42372.03,42899.87,43025.16,41752.56,5206309.15382608
1648080000000,42896.38,43970.89,44214.84,42611.81,5272736.6997089
1648166400000,43970.9,44272.03,45083.72,43569.36,4306256.73411087
1648252800000,44319.69,44540.58,44788.05,44068.01,1917497.45288973
1648339200000,44530.04,46829.01,46974.31,44430.17,4884301.6303597
1648425600000,46818.97,47071.72,48203.19,46663.72,8451881.90082942
1648512000000,47092.34,47423.0,48101.76,46911.88,4455601.8514119
1648598400000,47453.01,46966.07,47694.91,46543.42,4820923.57276913
1648684800000,47058.6,45483.67,47601.77,45208.16,4652309.58051985
1648771200000,45492.82,46267.8,46708.66,44229.11,4661144.79508779
1648857600000,46274.2,45808.74,47207.71,45631.46,4194092.02176408
1648944000000,45798.39,46397.51,47443.47,45506.33,4236865.22941362
1649030400000,46402.64,46586.31,46881.5,45118.34,5371378.53425177
1649116800000,46600.33,45507.23,47189.77,45373.43,3773046.60927795
1649203200000,45478.05,43127.38,45500.7,43127.38,6240342.03233061
1649289600000,43158.72,43477.16,43902.18,42743.1,2668243.23984464
1649376000000,43465.23,42287.25,43975.83,42106.44,3684572.75966639
1649462400000,42240.35,42776.93,42792.28,42131.46,1507757.85094478
1649548800000,42775.68,42082.48,43410.43,41872.61,2679234.22446266
1649635200000,42082.25,39530.2,42406.01,39211.5,6554304.15471975
1649721600000,39529.98,40103.5,40778.42,39260.45,7047255.74199967
1649808000000,40049.71,41133.85,41566.78,39576.42,7374344.45182979
1649894400000,41074.45,39905.52,41492.74,39564.77,4238465.59832347
1649980800000,39942.37,40569.57,40850.16,39777.49,2972611.47562916
1650067200000,40553.78,40377.6,40702.54,40000.0,2074847.96863191
1650153600000,40377.6,39682.49,40593.69,39550.0,2673151.09214072
1650240000000,39671.76,40816.76,41077.28,38549.85,7943190.45114832
1650326400000,40804.2,41488.98,41772.07,40577.18,4590427.46463344
1650412800000,41480.93,41368.12,42197.75,40847.45,3743513.95328377
1650499200000,41366.5,40489.91,42966.94,39781.04,6834788.96724738
1650585600000,40471.8,39720.26,40789.48,39184.92,5351772.40241229
1650672000000,39709.18,39428.27,39977.12,39283.86,2121369.32068481
1650758400000,39443.96,39434.87,39927.78,38977.06,4860546.16257199
1650844800000,39450.12,40424.99,40595.71,38200.0,10510610.34151819
1650931200000,40424.99,38131.45,40784.28,37706.39,6780852.31743987
1651017600000,38119.83,39220.8,39464.51,37887.0,6414047.23429879
1651104000000,39240.6,39749.7,40374.52,38887.29,5021072.26226685
1651190400000,39749.6,38600.3,39920.56,38179.9,4373139.53269982
1651276800000,38594.59,37633.06,38789.19,37585.99,3653946.7486296
1651363200000,37624.01,38485.9,38667.84,37400.0,4129532.31303219
1651449600000,38482.82,38517.8,39155.03,38049.85,4939423.42610738
1651536000000,38519.49,37745.43,38642.08,37526.35,4070342.83185543
1651622400000,37733.12,39671.2,40058.21,37658.84,4842913.0867517
1651708800000,39690.25,36558.02,39841.42,35603.03,9098036.15449434
1651795200000,36557.51,36023.1,36680.3,35280.0,6139372.57809771
1651881600000,36016.63,35479.24,36133.66,34792.87,3549469.68509795
1651968000000,35465.9,34063.7,35517.56,33642.05,5393221.72640612
1652054400000,34067.56,30109.56,34242.81,30055.99,10929955.60348938
1652140800000,30068.23,31017.98,32637.33,29758.94,27962659.51541771
1652227200000,31010.04,29113.86,32148.74,27751.17,30366204.13191634
1652313600000,29107.86,29034.65,30223.66,26580.29,22547784.26148691
1652400000000,29034.84,29314.32,31051.35,28768.0,5167289.45573292
1652486400000,29280.19,30086.0,30327.58,28643.91,2404994.71005584
1652572800000,30102.07,31347.35,31455.3,29489.88,3977863.9103187
1652659200000,31314.0,29878.68,31317.62,29106.15,7783820.51451038
1652745600000,29883.67,30449.21,30769.64,29460.93,3645991.71651819
1652832000000,30449.94,28655.07,30713.8,28655.07,4881246.14641132
1652918400000,28712.19,30321.04,30543.02,28694.5,3983135.074352
1653004800000,30306.58,29203.99,30759.75,28736.62,4343215.06722899
1653091200000,29203.56,29441.37,29647.2,28950.88,2570890.54630996
1653177600000,29441.37,30286.69,30482.43,29265.65,3003710.87309476
1653264000000,30283.65,29092.0,30661.51,28877.84,6380172.65046494
1653350400000,29114.73,29663.83,29853.83,28679.68,2783526.39023111
1653436800000,29642.59,29540.5,30212.77,29344.02,3076963.66355792
1653523200000,29545.91,29218.87,29879.31,28028.24,6617061.25875963
1653609600000,29188.43,28625.99,29388.43,28262.79,5363309.7259034
1653696000000,28619.49,29042.26,29242.53,28510.39,1865905.63931558
1653782400000,29031.49,29479.0,29582.69,28841.76,2371122.8039626
1653868800000,29472.74,31760.68,32200.0,29303.42,6069768.15555823
1653955200000,31743.03,31785.26,32400.0,30800.0,11774740.31739315
1654041600000,31814.89,29810.54,31978.77,29341.06,5607055.76744925
1654128000000,29805.98,30483.8,30672.86,29600.0,3962018.53977911
1654214400000,30450.77,29704.16,30700.02,29280.83,2800575.62002612
1654300800000,29713.66,29857.95,29963.45,29482.0,1254584.32450962
1654387200000,29871.06,29923.99,30188.61,29533.88,1418672.01831633
1654473600000,29913.05,31389.07,31759.8,29888.09,6587147.59602118
1654560000000,31380.08,31119.2,31572.0,29227.88,12385507.76337063
1654646400000,31129.76,30210.32,31321.79,29858.18,7235140.71776662
1654732800000,30205.09,30106.6,30698.76,29950.95,3360540.14756829
1654819200000,30081.11,29092.31,30361.83,28860.9,12281442.59786379
1654905600000,29101.47,28421.24,29438.49,28116.09,7616984.30831475
1654992000000,28428.33,26605.92,28543.9,26563.88,13522900.91232896
1655078400000,26567.95,22491.54,26878.97,21946.86,53107881.04866285
1655164800000,22478.08,22129.68,23344.11,20850.78,38201589.23876321
1655251200000,22116.09,22594.59,22784.93,20107.35,40212517.06531107
1655337600000,22573.55,20372.31,22991.02,20213.86,15244814.09741439
1655424000000,20410.04,20459.81,21357.99,20246.03,8871727.72306763
1655510400000,20460.84,18981.18,20753.25,17621.36,23356028.37129799
1655596800000,18976.6,20573.02,20816.54,17967.28,27578437.94662094
1655683200000,20562.4,20581.14,21071.27,19633.52,15077301.16028454
1655769600000,20570.01,20718.92,21721.44,20360.62,11494959.39168183
1655856000000,20729.37,19990.66,20893.74,19765.53,20860709.98741769
1655942400000,19985.54,21113.1,21240.41,19886.1,23860253.03880755
1656028800000,21107.16,21232.7,21554.67,20716.89,22879207.13826239
1656115200000,21242.86,21492.57,21609.07,20913.53,10067899.52643845
1656201600000,21489.82,21047.27,21882.15,20979.11,12536451.28730396
1656288000000,21035.02,20729.39,21538.4,20520.44,14829893.61772424
1656374400000,20735.95,20280.68,21210.85,20197.04,25737921.90414807
1656460800000,20275.2,20117.99,20439.6,19851.47,52120920.38769744
1656547200000,20129.62,19940.13,20170.34,18634.59,66512567.22374557
1656633600000,19956.33,19272.73,20896.68,18938.8,84156413.81598955
1656720000000,19284.64,19253.68,19448.82,18985.87,38065969.65147588
1656806400000,19250.87,19311.49,19638.01,18771.29,22682306.33978725
1656892800000,19318.17,20238.1,20347.3,19056.52,36768017.9602907
1656979200000,20233.33,20185.21,20746.4,19303.99,57159565.26360147
1657065600000,20179.63,20567.15,20665.41,19764.9,44387649.06552545
1657152000000,20569.34,21624.52,21845.27,20265.0,42924897.25943279
1657238400000,21631.89,21601.94,22524.95,21181.81,69591054.35126851
1657324800000,21602.92,21585.81,21966.62,21323.57,32343467.59689067
1657411200000,21590.81,20857.32,21601.25,20651.96,23277045.42831786
1657497600000,20865.62,19963.13,20866.66,19890.27,27691216.09051748
1657584000000,19960.72,19328.04,20060.07,19247.83,35765131.45763368
1657670400000,19323.73,20237.45,20333.81,18910.87,67501876.58341461
1657756800000,20241.06,20589.95,20887.74,19620.83,60286703.10682711
1657843200000,20586.9,20832.31,21200.0,20379.3,34976195.88388731
1657929600000,20824.26,21204.34,21573.65,20480.1,27304853.89619264
1658016000000,21193.15,20784.16,21666.3,20752.48,12272026.66713134
1658102400000,20794.4,22430.75,22765.2,20775.26,45490419.50297963
1658188800000,22446.97,23393.18,23793.1,21592.03,84828902.67433831
1658275200000,23390.04,23221.98,24278.63,22919.55,132249863.37182069
1658361600000,23216.53,23150.42,23425.79,22346.27,77394162.03861032
1658448000000,23145.95,22687.98,23747.72,22506.79,77838141.92118868
1658534400000,22685.82,22450.41,22999.46,21947.35,64542143.74166142
1658620800000,22450.14,22588.97,23025.24,22261.75,36691224.69338589
1658707200000,22582.59,21307.76,22666.41,21257.04,65495035.1699496
1658793600000,21305.21,21259.41,21346.09,20718.0,53365725.30289167
1658880000000,21260.37,22946.39,23098.85,21044.05,37581321.46095881
1658966400000,22959.62,23843.83,24190.66,22581.44,42120732.23413509
1659052800000,23837.99,23771.51,24435.82,23428.58,34736757.6913093
1659139200000,23767.77,23640.17,24663.55,23514.76,21717140.50256476
1659225600000,23639.65,23298.8,24182.58,23230.54,18961597.01068558
1659312000000,23291.35,23273.67,23497.99,22851.0,30281575.3735631
1659398400000,23271.66,22981.68,23448.27,22656.61,35407197.52407302
1659484800000,22984.1,22820.42,23641.97,22680.67,42146463.45261975
1659571200000,22812.4,22609.71,23219.5,22402.71,56951992.76070277
1659657600000,22617.04,23318.34,23463.62,22589.36,44024701.89233111
1659744000000,23317.87,22951.63,23349.22,22914.29,15529847.84306989
1659830400000,22954.5,23174.87,23388.88,22847.27,14297098.40369946
1659916800000,23178.64,23810.28,24245.69,23155.54,38297106.32121843
1660003200000,23804.79,23150.08,23921.09,22868.3,40779952.48434775
1660089600000,23144.72,23951.04,24222.97,22655.03,36846350.5416316
1660176000000,23956.24,23932.84,24917.48,23851.16,48335650.30145717
1660262400000,23941.94,24402.87,24449.95,23586.35,52030417.44412153
1660348800000,24400.03,24436.08,24889.0,24297.29,37060405.31719744
1660435200000,24447.26,24302.12,25023.89,24147.32,33028362.83112975
1660521600000,24304.85,24091.64,25203.74,23774.26,63550587.29439784
1660608000000,24086.4,23855.92,24246.26,23668.3,52398577.70738916
1660694400000,23852.36,23348.83,24440.72,23184.59,54123166.92863517
1660780800000,23349.03,23195.31,23594.25,23121.09,22269614.34329012
1660867200000,23188.04,20832.56,23205.55,20775.0,88092592.39683445
1660953600000,20829.28,21138.83,21361.92,20769.64,38652943.54454626
1661040000000,21136.48,21509.5,21790.22,21069.15,16515470.23071056
1661126400000,21519.5,21400.46,21535.0,20900.0,36809505.82669993
1661212800000,21397.82,21524.41,21678.28,20898.09,25749059.0280568
1661299200000,21529.3,21370.41,21892.46,21153.84,60890456.00602913
1661385600000,21371.07,21558.6,21817.93,21312.78,26609060.67822585
1661472000000,21562.6,20238.5,21874.34,20110.85,86720998.51490673
1661558400000,20236.28,20037.34,20377.41,19681.97,44564481.02546331
1661644800000,20039.53,19556.72,20156.99,19426.83,21353995.86860358
1661731200000,19552.0,20286.88,20414.41,19547.27,34576738.72690896
1661817600000,20289.94,19810.09,20575.0,19543.78,34867584.57981678
1661904000000,19825.74,20050.08,20488.0,19809.07,30745241.30763239
1661990400000,20054.12,20129.38,20203.98,19566.32,31886748.96933409
1662076800000,20132.25,19947.33,20435.04,19754.7,31249116.01989154
1662163200000,19954.47,19832.72,20050.41,19659.54,13681285.64372194
1662249600000,19835.08,20009.24,20023.48,19595.22,16534848.45547491
1662336000000,20000.11,19786.73,20052.34,19639.22,20829661.85638664
1662422400000,19799.82,18795.29,20179.48,18659.02,49088431.82255566
1662508800000,18791.56,19287.92,19460.72,18536.82,34863856.51466836
1662595200000,19296.53,19318.96,19454.01,19015.54,33568815.34164629
1662681600000,19319.92,21364.31,21600.0,19295.65,63688100.97210045
1662768000000,21366.14,21652.49,21804.09,21122.78,30600149.89404576
1662854400000,21652.5,21822.82,21857.14,21350.91,25043406.58082145
1662940800000,21821.17,22395.73,22483.01,21554.28,63916075.92291939
1663027200000,22396.19,20174.19,22789.0,19895.31,76616733.20482986
1663113600000,20159.64,20224.21,20529.1,19619.62,47544683.80338439
1663200000000,20219.2,19699.71,20329.38,19495.88,35665804.36389345
1663286400000,19707.59,19802.64,19889.24,19336.68,32978977.13778952
1663372800000,19798.05,20110.84,20179.98,19753.06,18043946.53923891
1663459200000,20114.74,19417.43,20117.53,19338.68,23553101.01172871
1663545600000,19424.32,19540.09,19678.53,18257.7,52460942.35818198
1663632000000,19533.97,18869.66,19635.18,18740.54,31848516.19916586
1663718400000,18868.01,18466.35,19799.34,18168.45,83071794.72538793
1663804800000,18452.78,19404.89,19516.2,18359.28,66906956.55890179
1663891200000,19410.18,19291.83,19496.18,18535.56,51760194.33005179
1663977600000,19292.79,18914.7,19312.55,18810.09,23852847.09260894
1664064000000,18915.13,18810.25,19177.21,18636.01,21741651.12488581
1664150400000,18805.24,19226.03,19315.99,18687.9,44335952.90228861
1664236800000,19225.91,19077.58,20382.65,18827.24,102828179.49425316
1664323200000,19082.76,19412.05,19788.22,18478.34,76795431.93094832
1664409600000,19416.06,19585.16,19642.42,18850.72,46193096.11590483
1664496000000,19587.96,19423.55,20178.37,19158.61,69302523.95115101
1664582400000,19424.58,19312.75,19482.44,19163.55,12518089.96721013
1664668800000,19309.16,19055.8,19396.79,18922.49,22956954.22585132
1664755200000,19061.42,19626.18,19711.75,18964.71,46118588.47572606
1664841600000,19629.32,20342.75,20463.71,19494.03,64773918.92338936
1664928000000,20337.15,20154.59,20365.6,19737.65,45487448.90618875
1665014400000,20155.84,19959.98,20447.18,19855.56,125112429.83038908
1665100800000,19960.12,19530.6,20061.62,19324.83,68533263.03672004
1665187200000,19526.96,19417.23,19623.07,19252.92,22398246.04161779
1665273600000,19418.16,19441.73,19554.52,19322.38,26933937.28919153
1665360000000,19441.28,19132.82,19524.98,19021.19,49544511.11825606
1665446400000,19130.63,19063.54,19267.83,18862.23,101422764.53387342
1665532800000,19058.62,19155.42,19236.0,18982.92,41892151.3346243
1665619200000,19155.42,19372.85,19503.48,18172.26,122403740.25682276
1665705600000,19371.65,19175.48,19949.65,19081.82,89229548.28400704
1665792000000,19177.42,19067.26,19223.54,18986.0,11518249.38074082
1665878400000,19068.76,19263.61,19424.58,19066.27,14395285.76372718
1665964800000,19259.03,19549.99,19673.57,19157.4,78086495.31801464
1666051200000,19544.53,19331.56,19700.37,19095.52,77937249.34019408
1666137600000,19326.07,19122.18,19359.64,19070.34,54407763.05442144
1666224000000,19125.17,19041.69,19340.8,18911.11,68915943.68250807
1666310400000,19044.55,19172.05,19247.41,18656.0,69718843.35912411
1666396800000,19166.23,19206.26,19254.05,19113.68,7736985.92534685
1666483200000,19205.81,19570.12,19691.7,19076.11,24530682.87558368
1666569600000,19573.53,19330.46,19600.0,19159.19,64114243.87320945
1666656000000,19332.8,20083.8,20416.64,19242.37,116392557.14889415
1666742400000,20081.79,20766.5,21018.68,20052.43,167029431.83841747
1666828800000,20766.53,20292.1,20871.16,20200.76,114952914.1225981
1666915200000,20297.59,20591.44,20748.06,19999.57,112485415.9254032
1667001600000,20589.6,20810.82,21075.68,20555.57,61528423.3229923
1667088000000,20811.67,20624.23,20928.83,20513.57,38788389.30540287
1667174400000,20628.34,20492.7,20838.99,20243.57,63335491.49776128
1667260800000,20493.8,20483.94,20692.86,20330.0,59326603.73658554
1667347200000,20485.23,20152.24,20802.88,20063.21,119037430.48795646
1667433600000,20153.32,20208.15,20392.76,20038.26,96106209.95595147
1667520000000,20209.22,21147.28,21295.52,20182.71,140356728.67891133
1667606400000,21145.13,21302.61,21475.41,21083.55,37183025.55904918
1667692800000,21301.02,20908.79,21363.1,20889.12,29752854.94893163
1667779200000,20901.79,20589.39,21065.09,20382.71,79980069.02708986
1667865600000,20588.47,18537.65,20680.56,17466.24,226575139.60826215
1667952000000,18538.36,15922.56,18588.99,15599.99,118565331.36124165
1668038400000,15932.95,17580.04,18188.0,15769.42,50339956.95270477
1668124800000,17580.39,17054.1,17687.87,16369.84,42562461.19536902
1668211200000,17042.83,16813.35,17099.35,16637.51,16984880.89060766
1668297600000,16814.93,16325.51,16949.73,16245.12,15460217.63287236
1668384000000,16331.92,16612.4,17160.5,15814.87,82009856.79840298
1668470400000,16617.25,16894.63,17123.98,16525.75,143521243.67290065
1668556800000,16898.19,16661.52,17011.62,16383.12,64896057.874351
1668643200000,16656.25,16692.72,16744.95,16415.78,35820070.6201564
1668729600000,16695.4,16701.82,16994.47,16551.95,29461864.8406946
1668816000000,16701.83,16706.97,16822.78,16551.01,7834800.97553196
1668902400000,16699.42,16284.06,16752.47,16177.98,17808486.65623235
1668988800000,16284.06,15780.0,16322.78,15486.74,28808800.00967708
1669075200000,15780.0,16218.73,16304.16,15622.74,33945429.81350195
1669161600000,16229.54,16613.02,16694.65,16164.23,38182077.53646863
1669248000000,16604.87,16599.81,16810.89,16462.63,23555962.10431948
1669334400000,16602.13,16520.64,16621.88,16346.11,17537355.04887792
1669420800000,16523.76,16471.64,16698.77,16389.63,7216552.9039662
1669507200000,16465.05,16428.4,16595.98,16404.59,6313599.45517751
1669593600000,16424.82,16212.51,16486.01,15998.89,25316932.60648584
1669680000000,16209.97,16441.05,16545.96,16098.75,24358298.07483948
1669766400000,16441.05,17164.98,17242.09,16427.05,37759439.50623597
1669852800000,17162.8,16976.49,17320.96,16848.97,19670900.30941872
1669939200000,16970.59,17096.4,17105.07,16779.99,16655295.84841871
1670025600000,17091.78,16879.06,17158.85,16862.57,8987413.42528098
1670112000000,16883.97,17106.46,17202.45,16880.56,11453341.73613776
1670198400000,17104.72,16968.71,17419.36,16869.44,31782672.47737723
1670284800000,16968.93,17088.37,17106.61,16910.0,23387466.99758436
1670371200000,17090.14,16837.35,17137.26,16685.62,15301459.62336278
1670457600000,16839.33,17220.61,17296.05,16737.94,17097665.54175868
1670544000000,17222.55,17131.41,17358.24,17068.04,10810098.8182532
1670630400000,17127.67,17129.89,17226.88,17095.18,4818913.50284002
1670716800000,17129.77,17084.74,17270.79,17071.81,7688344.350413
1670803200000,17086.62,17204.88,17240.58,16873.77,14135496.24952975
1670889600000,17211.41,17782.0,17967.49,17083.4,23822547.84924135
1670976000000,17782.93,17804.72,18379.51,17662.65,64264070.80694885
1671062400000,17801.85,17359.37,17854.26,17283.91,32750238.30394002
1671148800000,17355.01,16633.71,17526.27,16532.94,50033487.37144598
1671235200000,16625.45,16780.38,16796.67,16583.73,17938730.48844228
1671321600000,16781.49,16738.88,16855.91,16663.99,11328383.87479751
1671408000000,16741.57,16439.89,16814.49,16283.49,24579223.51634328
1671494400000,16436.13,16898.75,17048.57,16398.97,37445836.36706003
1671580800000,16898.67,16829.61,16922.3,16732.51,14621897.42707846
1671667200000,16828.58,16822.08,16864.11,16563.47,21731253.55217833
1671753600000,16824.09,16782.2,16945.58,16761.57,16503753.7447276
1671840000000,16781.48,16834.19,16864.1,16776.9,4373016.3214539
1671926400000,16838.18,16833.45,16853.97,16731.82,7453078.91375194
1672012800000,16832.62,16919.83,16942.28,16792.23,8080142.40257626
1672099200000,16921.8,16705.84,16966.97,16604.33,16495918.02321876
1672185600000,16707.35,16545.89,16783.9,16471.43,24798718.53245399
1672272000000,16547.63,16634.04,16662.69,16492.62,12422371.9324007
1672358400000,16631.15,16609.35,16650.64,16369.84,17867586.8417884
1672444800000,16605.84,16525.07,16639.73,16466.79,9335397.44088804
1672531200000,16524.41,16617.57,16628.2,16497.67,5117544.53789152
1672617600000,16619.93,16677.87,16785.92,16549.68,11908718.30468937
1672704000000,16674.84,16674.12,16774.53,16604.95,12412784.37397421
1672790400000,16676.49,16849.97,16984.83,16653.41,25455549.79134771
1672876800000,16852.47,16832.48,16878.61,16756.91,12151903.20988657
1672963200000,16829.96,16952.15,17030.14,16683.74,20662507.3152861
1673049600000,16952.1,16945.2,16982.15,16908.62,4545737.01462826
1673136000000,16944.93,17128.62,17157.28,16913.17,9977495.51258043
1673222400000,17131.78,17181.92,17395.51,17105.39,29661810.38878574
1673308800000,17180.8,17441.76,17488.38,17146.6,21007523.86422332
1673395200000,17439.34,17944.83,17996.94,17318.95,28948341.32734183
1673481600000,17948.13,18852.95,19113.49,17908.33,127362868.13133599
1673568000000,18844.86,19930.08,20003.26,18718.59,96456960.75126924
1673654400000,19929.16,20953.76,21250.17,19890.43,178999275.04124397
1673740800000,20952.7,20869.54,21044.33,20572.1,46621267.27522551
1673827200000,20879.04,21192.09,21447.7,20629.46,61085985.80495255
1673913600000,21187.47,21136.37,21581.9,20851.69,44224254.13081104
1674000000000,21128.58,20677.13,21646.08,20412.41,36727627.471877
1674086400000,20677.13,21074.78,21190.9,20660.38,15939599.24578952
1674172800000,21080.05,22681.03,22758.1,20868.93,56618020.07387808
1674259200000,22675.01,22775.95,23353.62,22439.37,102656639.80083051
1674345600000,22783.64,22714.51,23074.91,22309.38,79637331.72818105
1674432000000,22710.87,22915.06,23173.98,22514.16,60359819.22645607
1674518400000,22913.74,22631.85,23157.5,22473.84,49155617.40610288
1674604800000,22639.7,23055.67,23809.38,22340.0,50130173.60658144
1674691200000,23071.15,23005.88,23274.74,22858.6,27529004.14145164
1674777600000,23006.98,23067.18,23493.4,22580.0,37431481.41912611
1674864000000,23066.49,23021.21,23183.44,22884.67,10028111.14998504
1674950400000,23025.0,23744.82,23962.88,22969.63,31318843.10719018
1675036800000,23744.81,22831.95,23798.15,22499.57,33725874.35082391
1675123200000,22822.89,23128.28,23273.69,22721.55,22254791.30930175
1675209600000,23125.65,23726.72,23800.0,22786.01,36805540.21519843
1675296000000,23726.72,23482.33,24233.55,23423.76,56451768.54332242
1675382400000,23484.37,23421.84,23708.08,23210.18,41332367.61420925
1675468800000,23424.81,23327.52,23582.05,23256.02,10038487.61637947
1675555200000,23323.92,22932.23,23423.76,22750.0,21109110.40602122
1675641600000,22928.37,22760.79,23151.2,22631.38,16874169.97473619
1675728000000,22759.66,23246.32,23347.52,22746.14,39480626.21488608
1675814400000,23243.0,22958.53,23436.71,22674.4,32694188.01698397
1675900800000,22964.85,21798.17,23008.58,21700.0,53381294.36756232
1675987200000,21798.49,21631.55,21938.93,21470.39,33944138.00039681
1676073600000,21623.14,21863.65,21901.77,21601.16,9233372.73437873
1676160000000,21866.56,21783.16,22091.04,21632.58,14277635.53173829
1676246400000,21780.98,21774.44,21891.26,21362.58,29510645.3642021
1676332800000,21777.93,22200.34,22312.29,21558.27,41028531.71008817
1676419200000,22196.2,24329.49,24365.92,22047.74,59376611.1555667
1676505600000,24327.0,23518.71,25248.03,23508.79,69586708.10480818
1676592000000,23522.79,24577.41,25014.06,23346.49,71299759.90647967
1676678400000,24570.72,24628.46,24875.05,24436.84,28091435.95024643
1676764800000,24630.43,24263.0,25193.38,24202.59,43034533.36545825
1676851200000,24266.76,24838.09,25113.4,23844.34,48978279.89582238
1676937600000,24835.34,24453.24,25242.62,24145.47,61295654.55304758
1677024000000,24448.9,24181.73,24473.5,23583.63,51653120.8885685
1677110400000,24186.71,23937.75,24597.2,23611.94,64533441.11351123
1677196800000,23941.66,23183.13,24125.23,22854.66,51717701.43517975
1677283200000,23181.4,23155.42,23219.12,22760.09,20819321.52480101
1677369600000,23156.96,23558.22,23681.3,23065.36,22615035.86223061
1677456000000,23561.67,23490.18,23891.35,23117.11,33435048.52127991
1677542400000,23491.11,23140.1,23596.76,23027.14,40651171.39737448
1677628800000,23140.48,23629.08,23998.92,23020.41,52443185.73229048
1677715200000,23628.02,23468.02,23797.2,23198.89,48494189.6774761
1677801600000,23466.77,22358.06,23476.07,21985.68,57920904.21709276
1677888000000,22354.66,22346.68,22408.39,22160.0,14885174.1217333
1677974400000,22344.44,22430.68,22652.51,22198.81,21978461.4719239
1678060800000,22430.07,22407.44,22594.99,22259.68,23129430.9505348
1678147200000,22409.81,22198.59,22554.47,21937.52,62069548.93026384
1678233600000,22197.47,21703.4,22285.54,21579.92,73944600.72100864
1678320000000,21701.97,20368.79,21832.13,20025.82,80964181.48190778
1678406400000,20370.23,20153.97,20374.49,19565.4,120364544.33567096
1678492800000,20155.58,20463.9,20688.52,19770.0,54243437.1274588
1678579200000,20454.96,21995.39,22082.44,20274.25,73916723.1274663
1678665600000,21996.88,24108.06,24481.5,21812.11,172112592.95467567
1678752000000,24113.7,24674.99,26375.5,23841.0,168189611.43907672
1678838400000,24670.89,24278.47,25172.43,23897.84,111823897.7421429
1678924800000,24281.6,25003.06,25165.66,24121.62,73293202.0776584
1679011200000,25003.06,27391.98,27750.45,24893.79,71447519.67863247
1679097600000,27394.17,26917.17,27721.45,26590.99,38839310.9966793
1679184000000,26917.17,27958.56,28381.43,26839.63,40604257.51222707
1679270400000,27969.7,27720.95,28461.22,27134.4,57471388.206174
1679356800000,27723.72,28110.26,28430.56,27308.19,33289464.1734287
1679443200000,28108.29,27254.54,28861.27,26603.54,78956310.69508111
1679529600000,27242.3,28286.72,28751.33,27116.41,72513918.1624751
1679616000000,28293.09,27444.02,28378.16,27016.08,65393703.4140997
1679702400000,27460.0,27462.53,27786.46,27155.49,20554968.237483
1679788800000,27457.51,27984.74,28197.07,27414.51,24239390.8787646
1679875200000,27963.23,27128.98,28024.99,26513.45,65996741.1007426
1679961600000,27133.87,27260.91,27505.89,26635.48,66070463.5597242
1680048000000,27266.53,28354.39,28646.63,27242.31,87196016.3211841
1680134400000,28341.68,28035.67,29182.0,27697.25,132982573.32361995
1680220800000,28033.22,28460.08,28657.69,27510.35,92087190.1791531
1680307200000,28460.1,28452.75,28815.32,28218.91,26011210.7590208
1680393600000,28449.0,28176.4,28530.76,27854.49,33537691.6968988
1680480000000,28177.46,27806.67,28500.29,27265.0,100179420.2197234
1680566400000,27793.56,28164.56,28440.3,27654.08,66757973.873089
1680652800000,28157.88,28166.68,28770.27,27828.89,69130461.154459
1680739200000,28166.68,28031.19,28185.68,27711.66,40121314.2691562
1680825600000,28033.82,27901.7,28104.6,27763.3,22964727.6893623
1680912000000,27901.59,27941.17,28156.05,27854.98,10531545.7599157
1680998400000,27935.62,28324.72,28531.54,27797.43,24004334.4504743
1681084800000,28324.4,29642.28,29769.78,28159.33,53792380.40936205
1681171200000,29636.58,30196.78,30560.6,29589.23,73613322.5435003
1681257600000,30196.78,29891.39,30482.07,29650.0,71956176.3873238
1681344000000,29891.39,30376.49,30583.58,29851.17,63981591.87750374
1681430400000,30378.69,30461.9,31015.88,29966.04,94275763.48064838
1681516800000,30466.38,30293.1,30596.82,30199.57,26195713.992478002
1681603200000,30296.76,30301.91,30547.63,30118.55,32436488.043599
1681689600000,30300.78,29429.64,30322.57,29240.22,69914732.8653883
1681776000000,29429.64,30381.36,30486.46,29095.3,101575576.1290059
1681862400000,30382.2,28798.07,30409.62,28574.5,132381938.6331754
1681948800000,28796.0,28240.95,29083.99,27999.36,96877125.7810652
1682035200000,28240.95,27263.02,28370.56,27136.94,98519912.0570279
1682121600000,27259.36,27818.2,27881.46,27144.51,44804517.0246426
1682208000000,27813.95,27588.59,27819.65,27333.08,48185498.2730209
1682294400000,27587.87,27512.82,27998.15,26962.3,93500939.3140924
1682380800000,27512.18,28296.98,28391.62,27191.21,82048345.3652138
1682467200000,28303.19,28418.62,30030.41,27249.0,186052494.5355084
1682553600000,28419.14,29475.32,29896.44,28377.78,115786379.5505755
1682640000000,29476.82,29312.93,29593.39,28885.61,54331595.0197591
1682726400000,29317.65,29228.32,29444.4,29038.97,16664316.4464953
1682812800000,29228.38,29224.89,29962.87,29088.14,38167514.8400991
1682899200000,29237.64,28073.3,29334.06,27667.89,59743753.7171199
1682985600000,28068.26,28671.76,28881.04,27869.8,44968292.2264547
1683072000000,28669.63,29030.86,29266.83,28120.0,84000756.8829292
1683158400000,29030.55,28838.07,29381.71,28663.22,41532237.6157475
1683244800000,28847.85,29504.4,29678.6,28804.94,57297333.9656486
1683331200000,29505.43,28846.33,29831.41,28333.15,37179796.1974663
1683417600000,28846.33,28426.29,29133.92,28398.29,25840325.5332705
1683504000000,28434.44,27669.62,28631.55,27264.83,66346025.0509403
1683590400000,27658.38,27623.4,27821.31,27351.56,14920490.8044508
1683676800000,27632.61,27599.6,28316.76,26839.91,17750395.665525
1683763200000,27592.89,26972.18,27624.39,26713.98,12204079.7222963
1683849600000,26972.63,26790.85,27083.96,25816.67,16805655.5273097
1683936000000,26801.54,26779.72,27038.75,26688.04,6414397.3636125
1684022400000,26769.29,26914.59,27200.0,26575.51,9059173.0998296
1684108800000,26917.28,27164.79,27660.54,26734.85,17589882.8456958
1684195200000,27158.37,27035.73,27294.73,26841.8,11634449.1742984
1684281600000,27035.73,27405.87,27496.07,26546.47,19502983.1758067
1684368000000,27407.94,26820.9,27484.31,26328.2,18904291.1559695
1684454400000,26822.07,26880.33,27173.0,26639.22,10035305.6521519
1684540800000,26885.35,27100.7,27156.6,26824.96,4002008.7484147
1684627200000,27106.16,26746.96,27275.06,26670.33,8999584.0757227
1684713600000,26740.5,26853.73,27092.02,26539.18,22353998.1815204
1684800000000,26847.43,27224.87,27493.33,26800.0,27984813.5048581
1684886400000,27223.34,26331.72,27223.34,26080.19,26247461.7585518
1684972800000,26321.61,26473.26,26621.37,25873.88,19846049.5025406
1685059200000,26479.19,26701.03,26933.45,26328.31,13716633.5550976
1685145600000,26707.46,26855.5,26888.0,26555.0,6466885.9664851
1685232000000,26857.06,28063.46,28256.38,26768.59,16101951.1931002
1685318400000,28069.22,27738.83,28444.71,27526.32,22651488.8952759
1685404800000,27737.94,27696.3,28041.41,27556.7,19883769.8223803
1685491200000,27688.81,27213.15,27834.35,26832.67,24427139.8713524
1685577600000,27213.15,26815.41,27347.62,26611.33,18366353.7427033
1685664000000,26812.5,27241.48,27298.4,26500.0,15753941.77618
1685750400000,27245.09,27068.35,27325.93,26913.43,6690468.1351574
1685836800000,27068.35,27124.27,27454.7,26952.6,7698387.2651146
1685923200000,27107.75,25725.97,27133.99,25395.44,21883333.421796
1686009600000,25733.56,27235.2,27274.2,25355.82,21030051.1533246
1686096000000,27240.65,26344.3,27363.71,26270.41,9957155.3628731
1686182400000,26344.5,26525.73,26793.17,26246.4,3655435.2466155
1686268800000,26525.71,26504.97,26762.26,26305.9,6679225.800347
1686355200000,26505.11,25849.51,26544.0,25551.4,6571095.6670691
1686441600000,25842.28,25919.52,26192.22,25689.58,3991077.2671573
1686528000000,25933.43,25925.43,26081.0,25675.0,5015881.2432232
1686614400000,25925.43,25924.41,26356.07,25738.31,4849058.2501164
1686700800000,25925.46,25124.36,26098.35,25019.04,6013930.8464549
1686787200000,25132.59,25595.96,25722.99,24817.35,5492885.1875106
1686873600000,25605.96,26354.99,26452.16,25289.67,4820341.4291224005
1686960000000,26354.98,26528.85,26763.68,26078.69,2796590.3879622
1687046400000,26515.99,26349.44,26707.24,26296.39,2524106.8103405
1687132800000,26349.44,26832.67,26995.37,26272.97,2928987.7314822
1687219200000,26824.1,28316.76,28419.28,26628.01,8538044.6047411
1687305600000,28322.72,30009.46,30749.45,28259.32,15787627.59573469
1687392000000,30009.0,29922.22,30533.01,29800.0,8802464.4964379
1687478400000,29907.0,30660.0,31392.15,29850.0,8814809.6943424
1687564800000,30671.38,30527.01,30841.7,30290.19,3403532.0754816
1687651200000,30540.7,30470.93,30994.44,30344.0,4156851.017963
1687737600000,30449.56,30275.0,30660.2,29944.0,3956158.3943014
1687824000000,30275.0,30707.77,30974.22,30234.53,4209354.3667776
1687910400000,30688.0,30098.93,30715.84,29890.0,5651416.2093849
1687996800000,30081.95,30430.01,30818.0,30043.0,7323053.6739335
1688083200000,30430.01,30476.8,31239.69,30034.0,11429354.2766556
1688169600000,30476.83,30604.99,30656.4,30338.23,3204019.0308563
1688256000000,30604.97,30625.0,30777.01,30300.0,3716486.1768931
1688342400000,30626.45,31160.0,31375.14,30576.02,5096174.1526282
1688428800000,31161.68,30780.94,31338.99,30642.28,3879066.4077266
1688515200000,30775.0,30514.97,30860.03,30203.84,3975797.27365
1688601600000,30504.99,29895.19,31380.0,29800.5,10461299.4896391
1688688000000,29913.57,30360.58,30446.25,29712.21,6233657.98618
1688774400000,30361.35,30280.01,30400.82,30072.7,4200447.8225139
1688860800000,30293.97,30194.99,30438.56,30088.13,2976613.6883782
1688947200000,30194.99,30435.98,31030.52,30000.0,7114978.575282
1689033600000,30432.99,30626.01,30795.03,30379.59,4253354.0087792
1689120000000,30619.88,30365.0,30955.77,30220.32,6155398.2734331
1689206400000,30369.0,31454.17,32000.0,30267.71,12546635.0438673
1689292800000,31449.99,30313.0,31526.12,29955.43,11914409.7615825
1689379200000,30313.0,30288.46,30375.74,30237.0,2395472.568774
1689465600000,30294.99,30225.15,30432.33,30069.13,3747016.5659403
1689552000000,30236.18,30154.58,30330.38,29667.69,6736565.929989
1689638400000,30154.57,29864.32,30225.0,29689.0,6151819.7873466
1689724800000,29876.36,30043.0,30043.66,29844.22,123904.9036754
